date,forecast,probability_up,entry_threshold,signal,realized_return,strategy_return
2012-03-02,0.012795540259876451,0.47340875101283303,0.6,0,0.006560492948994856,0.0
2012-03-09,0.00833290487417028,0.48386949518745975,0.6,0,-0.003165772462332961,-0.0
2012-03-16,0.012406186902853703,0.5221494621992854,0.6,0,-0.0017746573542347654,-0.0
2012-03-23,0.006205269076320411,0.5035709751539432,0.6,0,-0.03602513338233049,-0.0
2012-03-30,0.007868400743121012,0.4975565851653762,0.6,0,0.002814996359707944,0.0
2012-04-06,-2.089315048096809e-05,0.4973626945935389,0.6,0,-0.004646169188677551,-0.0
2012-04-13,-0.001339446119769664,0.5417902330281624,0.6,0,0.0021394652998700803,0.0
2012-04-20,-0.005541226530482082,0.5584704217337251,0.6,0,0.01824354388882199,0.0
2012-04-27,-0.006050002611310444,0.5544515625710484,0.6,0,-0.061374272588166634,-0.0
2012-05-04,0.005977737173778785,0.4944853081112256,0.6,0,-0.023961830252203775,-0.0
2012-05-11,-0.0021453950539793406,0.6043950256787824,0.6,1,-0.0483719341448231,-0.0483719341448231
2012-05-18,-0.004368678274443429,0.5563043736738652,0.6,0,-0.006777467466446474,-0.0
2012-05-25,-0.012855984037733945,0.5228507448078973,0.6,0,-0.08397531589438145,-0.0
2012-06-01,0.00025593501352604324,0.520878206852163,0.6,0,0.010452902584378254,0.0
2012-06-08,-0.014578337386455734,0.5558908080909979,0.6,0,-0.0008323388358414396,-0.0
2012-06-15,-0.012964806387751604,0.5642175813903663,0.6,0,-0.05081514584192093,-0.0
2012-06-22,-0.0030769324227047194,0.5847124953729246,0.6,0,0.06519554675237549,0.0
2012-06-29,-0.010980903250130724,0.6284462964349441,0.6,1,-0.006002850067399312,-0.006002850067399312
2012-07-06,-0.007605249658411261,0.5513402858671368,0.6,0,0.031379533708012275,0.0
2012-07-13,-0.017673417366991965,0.5308690359499852,0.6,0,0.04982783057768514,0.0
2012-07-20,-0.021998772220635492,0.5023028037618837,0.6,0,-0.014326390562245606,-0.0
2012-07-27,0.003678653895304856,0.6038995732743532,0.6,1,0.014090805627011038,0.014090805627011038
2012-08-03,0.0029301024049419714,0.6520373436533988,0.6,1,0.01608316407179622,0.01608316407179622
2012-08-10,0.007827507281278914,0.6653829432433754,0.6,1,0.03381069556137173,0.03381069556137173
2012-08-17,0.005954365373606409,0.6801515231526514,0.6,1,0.0014581750498221524,0.0014581750498221524
2012-08-24,-0.0011128320228748832,0.5601622876414816,0.6,0,0.003328129898553245,0.0
2012-08-31,0.011643712289356786,0.6076856324443884,0.6,1,-0.0005183274709762431,-0.0005183274709762431
2012-09-07,0.005708212517956272,0.5768183200467456,0.6,0,0.02675795353712873,0.0
2012-09-14,-0.0027159734075115315,0.5525980571600632,0.6,0,-0.06171717788233899,-0.0
2012-09-21,0.021452631854332604,0.5868656889320464,0.6,0,-0.0075357622224315746,-0.0
2012-09-28,0.008966720085194427,0.6479651922887094,0.6,1,-0.02505700321958937,-0.02505700321958937
2012-10-05,0.00029479382922284513,0.634988787973524,0.6,1,0.022029410518904946,0.022029410518904946
2012-10-12,-0.012752350402701187,0.6131599475316755,0.6,1,-0.01970387052653455,-0.01970387052653455
2012-10-19,-0.012014337758568751,0.5568089298080375,0.6,0,-0.04186567623206028,-0.0
2012-10-26,-0.00043993183332243814,0.6224765812519147,0.6,1,-0.016458022589657784,-0.016458022589657784
2012-11-02,-0.011724495099548038,0.5698689857373811,0.6,0,0.014258768274449718,0.0
2012-11-09,-0.01549279701127081,0.5888073434299946,0.6,0,0.006971052355623231,0.0
2012-11-16,-0.01216732824274852,0.6155654069063115,0.6,1,0.018576216042063276,0.018576216042063276
2012-11-23,-0.012624406258342215,0.6200818963510158,0.6,1,0.00713643964118682,0.00713643964118682
2012-11-30,-0.0075470601491721915,0.6340629385945408,0.6,1,-0.03351707607907317,-0.03351707607907317
2012-12-07,-0.0031740302188088924,0.6182476535700732,0.6,1,0.009309938891151504,0.009309938891151504
2012-12-14,-0.0005648782333699709,0.7099960181498578,0.6,1,0.0222529716415778,0.0222529716415778
2012-12-21,-0.003865869615736619,0.6889531375155505,0.6,1,0.02413714528824218,0.02413714528824218
2012-12-28,0.011100763480700614,0.7307324327336215,0.6,1,0.025220189528269987,0.025220189528269987
2013-01-04,0.0007295348739327294,0.6289048470570164,0.6,1,0.005048890742214374,0.005048890742214374
2013-01-11,0.0076219565616439215,0.6196210445063715,0.6,1,0.021376657248707742,0.021376657248707742
2013-01-18,-0.0006057056059926807,0.5323946248957149,0.6,0,0.0033486783486780247,0.0
2013-01-25,-0.002268751476265041,0.46467044143631403,0.6,0,0.019712134374107793,0.0
2013-02-01,8.940415464477958e-05,0.4886016459101294,0.6,0,-0.020967530865806383,-0.0
2013-02-08,0.0076593439960553475,0.49477722224340687,0.6,0,0.001462592852727207,0.0
2013-02-15,-0.002141684988224435,0.45943894718235817,0.6,0,-0.028479066759350746,-0.0
2013-02-22,0.0064775701589753105,0.5208892154665202,0.6,0,-0.026307280366125618,-0.0
2013-03-01,0.0032008378837987744,0.5682345118195774,0.6,0,0.014005256272522582,0.0
2013-03-08,-0.001315273455746824,0.5872976570574661,0.6,0,0.01631321424452392,0.0
2013-03-15,0.007568511402382384,0.6544015985415185,0.6,1,0.0027822594405697565,0.0027822594405697565
2013-03-22,0.001954312065856317,0.6195050027708736,0.6,1,0.037562739375207155,0.037562739375207155
2013-03-29,-0.0033359308077904417,0.5261194072498461,0.6,0,-0.04659062277372994,-0.0
2013-04-05,0.008836577885674414,0.5494485321474403,0.6,0,-0.01521031369075565,-0.0
2013-04-12,0.0038468422427731953,0.5794332862242535,0.6,0,-0.03592944184907976,-0.0
2013-04-19,0.0018759808859051333,0.5791727699996437,0.6,0,0.05669807683955663,0.0
2013-04-26,-0.01831796990028408,0.5228556292855209,0.6,0,0.028064522691952254,0.0
2013-05-03,0.0010725435544836157,0.5896589510965661,0.6,0,0.004497440669707808,0.0
2013-05-10,0.0024832608119691882,0.5280166023601921,0.6,0,-0.00020829104821162847,-0.0
2013-05-17,-0.0003673108225309495,0.459722862490338,0.6,0,-0.019475059181045418,-0.0
2013-05-24,-0.0037895874585423713,0.3981742545737003,0.6,-1,-0.023154543492774793,0.023154543492774793
2013-05-31,0.00997071632507653,0.4994104352124564,0.6,0,0.0441448027042084,0.0
2013-06-07,-0.00718737210234582,0.47799292748168437,0.6,0,0.01895240776798368,0.0
2013-06-14,0.0029399571629564352,0.5069578357717843,0.6,0,-0.04251401223899942,-0.0
2013-06-21,0.004873305781432528,0.4506693812184077,0.6,0,0.03063288549898835,0.0
2013-06-28,0.012268908377151938,0.5474243765912287,0.6,0,0.06897269915596249,0.0
2013-07-05,-0.0014684366641452614,0.46512912348857777,0.6,0,0.026448321015825726,0.0
2013-07-12,0.0027546135296381115,0.4449467209253389,0.6,0,0.01982072830583914,0.0
2013-07-19,-0.0009254404830783499,0.41058822200622397,0.6,0,-0.031004220350747125,-0.0
2013-07-26,0.0026928884153767673,0.4019489811455814,0.6,0,0.021394513452291486,0.0
2013-08-02,0.002936680581807114,0.4694422505257688,0.6,0,-0.009070518034021813,-0.0
2013-08-09,0.011345217104872577,0.5068546496440108,0.6,0,0.014060562863128734,0.0
2013-08-16,0.0026933055253166305,0.4767699930504362,0.6,0,-0.009678028330428301,-0.0
2013-08-23,-0.004838136383275274,0.3742645683281728,0.6,-1,0.011558009566781768,-0.011558009566781768
2013-08-30,-0.0018590335050397107,0.4528074898727665,0.6,0,0.026753341501120298,0.0
2013-09-06,-0.006991359944985462,0.41650680063666373,0.6,0,-0.020989774002049266,-0.0
2013-09-13,0.012535400166204833,0.5275456449320269,0.6,0,-0.0326217429919875,-0.0
2013-09-20,0.0013682598188997598,0.4391289169621681,0.6,0,-0.017290767609065893,-0.0
2013-09-27,-0.006160930530962447,0.4121051900712695,0.6,0,0.009429314332751959,0.0
2013-10-04,-0.012977220906577163,0.44459182712693657,0.6,0,-0.017526962240079658,-0.0
2013-10-11,-0.006358847934841693,0.45762395422769603,0.6,0,-0.0118604109418472,-0.0
2013-10-18,-0.009062756227271802,0.40703071294101933,0.6,0,-0.029362158081119194,-0.0
2013-10-25,-0.007073011232461377,0.39864559707124253,0.6,-1,-0.03311188466320136,0.03311188466320136
2013-11-01,-0.006244113338950027,0.40178730377652727,0.6,0,-0.00010571965083971957,-0.0
2013-11-08,-0.01375975720267469,0.3656309943958207,0.6,-1,-0.008033849349779576,0.008033849349779576
2013-11-15,-0.006193152627038893,0.4099231181487635,0.6,0,0.010656436903506261,0.0
2013-11-22,-0.01687448832527521,0.32250047530758535,0.6,-1,-0.022353386746605253,0.022353386746605253
2013-11-29,0.00441743911156425,0.46477042112968325,0.6,0,0.05317083951973656,0.0
2013-12-06,0.0015835509751920083,0.5407967551339945,0.6,0,-0.01075271925602117,-0.0
2013-12-13,0.001611687470996239,0.44233066884005673,0.6,0,0.028157362977928146,0.0
2013-12-20,0.00024041981157726586,0.48374234980743686,0.6,0,0.010068465596784648,0.0
2013-12-27,0.002065891813331439,0.5074431004300219,0.6,0,-0.06339713546350512,-0.0
2014-01-03,0.005250712666163158,0.5149593414161129,0.6,0,-0.013197082544187166,-0.0
2014-01-10,0.010295430702948392,0.5862606232708953,0.6,0,0.017795529596158932,0.0
2014-01-17,0.004332395877198929,0.5422428720546644,0.6,0,0.02405421825791576,0.0
2014-01-24,-0.001221475374568637,0.48545064575983043,0.6,0,0.008795514067564625,0.0
2014-01-31,-0.002347526941909499,0.46982290470003196,0.6,0,0.024515329182673407,0.0
2014-02-07,-0.007820171370248485,0.38714507594442227,0.6,-1,0.004205104223963918,-0.004205104223963918
2014-02-14,-0.00684186959076547,0.4160694404187137,0.6,0,0.01894310905956753,0.0
2014-02-21,-0.003195134268199,0.4209133972481066,0.6,0,0.0038160411085523815,0.0
2014-02-28,-0.011294657181223057,0.37404230957655704,0.6,-1,-9.742184611283289e-05,9.742184611283289e-05
2014-03-07,-0.01725301565307458,0.303783909806278,0.6,-1,-0.035971947509647384,0.035971947509647384
2014-03-14,-0.011725707583851915,0.3347701635502729,0.6,-1,0.005763977129560782,-0.005763977129560782
2014-03-21,-0.008916418511324062,0.382341946735966,0.6,-1,0.022219978934402418,-0.022219978934402418
2014-03-28,0.001655587018487435,0.4924953879626111,0.6,0,-0.005212931925268505,-0.0
2014-04-04,-0.00793870368349263,0.40921557282129606,0.6,0,0.02570692594237034,0.0
2014-04-11,-0.01376765659304456,0.343313251680844,0.6,-1,0.005398160781954875,-0.005398160781954875
2014-04-18,-0.008558266149936792,0.41338499979340837,0.6,0,-0.035474635372739316,-0.0
2014-04-25,-0.005002019141908599,0.4494472081134783,0.6,0,-0.00834986432039253,-0.0
2014-05-02,-0.00022857859369453245,0.45189141127336335,0.6,0,0.0023054904031072354,0.0
2014-05-09,-0.002690020237924915,0.4463225527904814,0.6,0,0.02030201842850965,0.0
2014-05-16,0.007414897889277291,0.5640952851740081,0.6,0,0.022838677785949946,0.0
2014-05-23,-0.003879276117698548,0.4632266077193777,0.6,0,-0.01571633362366709,-0.0
2014-05-30,-0.0007264151181998412,0.4882994923102466,0.6,0,-0.0004867629520877159,-0.0
2014-06-06,-0.0022745193772638985,0.42711059896817577,0.6,0,0.04139879065257257,0.0
2014-06-13,-0.0012586889686562602,0.43343322692251984,0.6,0,0.003273767300834507,0.0
2014-06-20,-0.00511908838154288,0.4195703257633582,0.6,0,-0.014171212401528854,-0.0
2014-06-27,-0.0017332505928920427,0.4507398626157393,0.6,0,-0.015888030443694467,-0.0
2014-07-04,-0.0008492870241748815,0.48593867362063603,0.6,0,-0.03103974441014523,-0.0
2014-07-11,0.008680125512822108,0.5740035940235182,0.6,0,0.022810625613366886,0.0
2014-07-18,0.006653253271828103,0.5829313179813005,0.6,0,-0.010084368692183432,-0.0
2014-07-25,0.004375846769796882,0.55968311106024,0.6,0,-0.04123811573602865,-0.0
2014-08-01,0.003157119572863033,0.5033636412453807,0.6,0,-0.002349772517295623,-0.0
2014-08-08,-0.0004901942356993145,0.468780635699924,0.6,0,-0.0030722278245771673,-0.0
2014-08-15,0.006273432278310878,0.5630945749539513,0.6,0,-0.03800715979698521,-0.0
2014-08-22,0.0035703377578735016,0.5387816570502794,0.6,0,0.024666284260074667,0.0
2014-08-29,0.003646038414204352,0.5317763424489234,0.6,0,-0.027824074556263123,-0.0
2014-09-05,0.003830874789417014,0.5413595173506928,0.6,0,-0.010933693455363325,-0.0
2014-09-12,0.0012751808194453966,0.4630369894389856,0.6,0,0.00151736235110711,0.0
2014-09-19,0.004458002624451804,0.5069033974115139,0.6,0,0.012228083634210574,0.0
2014-09-26,0.006254180563349884,0.5889012096474154,0.6,0,-0.040624364064198115,-0.0
2014-10-03,-0.0028506370581063887,0.4846846644711695,0.6,0,-0.04368172790572267,-0.0
2014-10-10,-0.006113355065241289,0.41325389193246903,0.6,0,-0.03577254376300554,-0.0
2014-10-17,-0.004711198203311232,0.3959012335072266,0.6,-1,-0.02102716451685238,0.02102716451685238
2014-10-24,-0.0017244356901920245,0.41116227093239793,0.6,0,-0.005801767785572287,-0.0
2014-10-31,-0.0008625936192363067,0.41469526576139676,0.6,0,-0.023466592601988245,-0.0
2014-11-07,0.0005404971692263766,0.43880552036635273,0.6,0,-0.035982222201527914,-0.0
2014-11-14,-0.007783203555129618,0.3160544832926838,0.6,-1,0.009100533423681334,-0.009100533423681334
2014-11-21,-0.0038245362564298573,0.4010394849648686,0.6,0,-0.1354071405187649,-0.0
2014-11-28,0.002314624674505488,0.48314519168837256,0.6,0,-0.004686397291570721,-0.0
2014-12-05,0.002917717711025585,0.3655948779410742,0.6,-1,-0.12196226323266646,0.12196226323266646
2014-12-12,-0.007369355980139281,0.25151681120845615,0.6,-1,-0.022314493770680732,0.022314493770680732
2014-12-19,-0.015484297347828486,0.17548252494839264,0.6,-1,-0.031670221178872415,0.031670221178872415
2014-12-26,-0.01237695343909509,0.2089038342776967,0.6,-1,-0.03727390704531308,0.03727390704531308
2015-01-02,-0.0028665896795937963,0.34739039030808916,0.6,-1,-0.0821787460469302,0.0821787460469302
2015-01-09,-0.023168312565010153,0.21505027264777904,0.6,-1,0.006823780235577281,-0.006823780235577281
2015-01-16,-0.023145322029269916,0.24114577657141564,0.6,-1,-0.0636680747906323,0.0636680747906323
2015-01-23,-0.03325430315381733,0.18123612628754812,0.6,-1,0.058126815464125015,-0.058126815464125015
2015-01-30,-0.013619335881463088,0.3578530369610922,0.6,-1,0.07151734718496461,-0.07151734718496461
2015-02-06,0.0011758027678361802,0.5480494093666383,0.6,0,0.021087254431163327,0.0
2015-02-13,0.002050315709262915,0.6029923516220458,0.6,1,-0.04622960748657845,-0.04622960748657845
2015-02-20,0.002101231810022506,0.581750968033811,0.6,0,-0.011521689100052024,-0.0
2015-02-27,-0.0008232160816166111,0.5237340237148567,0.6,0,-0.0030144235579029344,-0.0
2015-03-06,0.008636309431795167,0.7029546893938274,0.6,1,-0.09614997780847379,-0.09614997780847379
2015-03-13,0.00239860037137502,0.6188373655199302,0.6,1,0.019625358276553095,0.019625358276553095
2015-03-20,0.005315405723074301,0.7033084719527276,0.6,1,0.06889758589409767,0.06889758589409767
2015-03-27,0.016830754344034343,0.8134009116025621,0.6,1,0.005524871366172857,0.005524871366172857
2015-04-03,0.0030890502015452487,0.6710361640234365,0.6,1,0.05087505150695293,0.05087505150695293
2015-04-10,0.012046889705651913,0.7002403725726206,0.6,1,0.07939586245696639,0.07939586245696639
2015-04-17,0.006448374565067212,0.6235234742575615,0.6,1,0.02529601372360224,0.02529601372360224
2015-04-24,0.010737773605958375,0.648739194318175,0.6,1,0.034995624612439435,0.034995624612439435
2015-05-01,0.016062602914673606,0.6979836487358323,0.6,1,0.00405744476041181,0.00405744476041181
2015-05-08,0.0023489270009975378,0.5416043111187924,0.6,0,0.005051342652696356,0.0
2015-05-15,0.002392004049904143,0.5393573236326722,0.6,0,0.0005026402192060964,0.0
2015-05-22,0.002775886988362625,0.5839047249450494,0.6,0,0.00971195586908924,0.0
2015-05-29,0.002580475347024198,0.5942860470960228,0.6,0,-0.019402954954371388,-0.0
2015-06-05,-0.001236171243178566,0.5338013796166357,0.6,0,0.014036834117443941,0.0
2015-06-12,-0.0067159050668888,0.5220906664480292,0.6,0,-0.005837199457391806,-0.0
2015-06-19,-0.003577766116527385,0.5041304532396785,0.6,0,0.0003355218513485525,0.0
2015-06-26,-0.011795099643853198,0.43336913670063926,0.6,0,-0.04527923385168564,-0.0
2015-07-03,-0.0073145134437311455,0.4743953281727199,0.6,0,-0.07359913234232063,-0.0
2015-07-10,0.0020546166884497018,0.6563801218112562,0.6,1,-0.0350777821376842,-0.0350777821376842
2015-07-17,-0.0027682280467673237,0.6066860698966065,0.6,1,-0.05403812208650527,-0.05403812208650527
2015-07-24,-0.002867716196970704,0.6071979827849798,0.6,1,-0.021188210857829848,-0.021188210857829848
2015-07-31,-0.004228387023592516,0.5725269485114706,0.6,0,-0.06897283687756661,-0.0
2015-08-07,-0.016576371940585047,0.3908483914686354,0.6,-1,-0.031228606456360053,0.031228606456360053
2015-08-14,-0.021823484146116345,0.3277120333699149,0.6,-1,-0.04823527616613055,0.04823527616613055
2015-08-21,-0.024926294843256654,0.2986422601936754,0.6,-1,0.11792337126811558,-0.11792337126811558
2015-08-28,0.0068017121562147405,0.6998237213900121,0.6,1,0.018354665943207005,0.018354665943207005
2015-09-04,0.00630432044173856,0.6711125454745829,0.6,1,-0.030836008522721392,-0.030836008522721392
2015-09-11,0.005908225824144084,0.6068581560192987,0.6,1,0.0011203055313451227,0.0011203055313451227
2015-09-18,0.0053886900968294245,0.6218313354509717,0.6,1,0.022829016356240128,0.022829016356240128
2015-09-25,0.004758766720299948,0.6457084994051909,0.6,1,-0.003501090694551179,-0.003501090694551179
2015-10-02,0.00372079787660296,0.6275745283140762,0.6,1,0.08981115657363459,0.08981115657363459
2015-10-09,0.01609993664290724,0.7813491657743161,0.6,1,-0.047753429288250326,-0.047753429288250326
2015-10-16,0.005587890795578433,0.6111272593357809,0.6,1,-0.056284383027583096,-0.056284383027583096
2015-10-23,-0.002322185477578789,0.5328341541561125,0.6,0,0.04461887324102687,0.0
2015-10-30,0.003204282295839507,0.6624982577050212,0.6,1,-0.049366800376213105,-0.049366800376213105
2015-11-06,-0.006466207178698641,0.4834683938270907,0.6,0,-0.08015351464614617,-0.0
2015-11-13,-0.008822035986326813,0.459511294362098,0.6,0,-0.008591121119254974,-0.0
2015-11-20,-0.0035640077190983058,0.51224452345316,0.6,0,0.03268134970961456,0.0
2015-11-27,0.00019771122021522425,0.6020805011341979,0.6,1,-0.041716564420095525,-0.041716564420095525
2015-12-04,-0.004191132297306379,0.4882290789112724,0.6,0,-0.10883167765742285,-0.0
2015-12-11,-0.02113948272172491,0.2660605966341521,0.6,-1,-0.024985946556325356,0.024985946556325356
2015-12-18,-0.0067188176156804304,0.43630731010169166,0.6,0,0.09703423484893503,0.0
2015-12-25,-0.001068302595090965,0.5778286938826528,0.6,0,-0.027821459345037436,-0.0
2016-01-01,0.01966380537051933,0.7874237869575973,0.6,1,-0.104751646118041,-0.104751646118041
2016-01-08,0.002382691481264052,0.6129060961032506,0.6,1,-0.11278648336332975,-0.11278648336332975
2016-01-15,-0.013363369064935356,0.4340191442034704,0.6,0,0.09415358746538716,0.0
2016-01-22,0.007329328274693495,0.7120940464957239,0.6,1,0.044423745454567065,0.044423745454567065
2016-01-29,0.011762743802640271,0.7548290550501315,0.6,1,-0.08120165463917461,-0.08120165463917461
2016-02-05,0.007080881395492072,0.6534026623495437,0.6,1,-0.04694072140631811,-0.04694072140631811
2016-02-12,0.001962298052548164,0.5903194584542596,0.6,0,0.006793439265038614,0.0
2016-02-19,0.0016808568349778448,0.644167596633799,0.6,1,0.10593790331672737,0.10593790331672737
2016-02-26,0.00903997813774594,0.7543531578859761,0.6,1,0.09579010087186424,0.09579010087186424
2016-03-04,0.023394496530840823,0.8657739617281733,0.6,1,0.07182633526093074,0.07182633526093074
2016-03-11,0.02508785047746035,0.8900621053667165,0.6,1,0.024415548745687854,0.024415548745687854
2016-03-18,0.014726024369752545,0.8196197029677978,0.6,1,0.0005071110157222058,0.0005071110157222058
2016-03-25,0.01635646782507903,0.791397753374223,0.6,1,-0.06766341183205815,-0.06766341183205815
2016-04-01,0.0049027017516017,0.5947727835688547,0.6,0,0.07964121316287232,0.0
2016-04-08,0.0026875708208994125,0.65840440419019,0.6,1,0.016112773665144076,0.016112773665144076
2016-04-15,0.003127472328598904,0.6442010346695497,0.6,1,0.08349848565216389,0.08349848565216389
2016-04-22,0.011813688724214004,0.7050991081082473,0.6,1,0.05008000570852489,0.05008000570852489
2016-04-29,0.012105095997543081,0.6757106987165656,0.6,1,-0.02743898893239316,-0.02743898893239316
2016-05-06,0.001541283420215592,0.418815842776687,0.6,0,0.03470665567300402,0.0
2016-05-13,0.005484889205876418,0.6218046503534127,0.6,1,0.03332614036005932,0.03332614036005932
2016-05-20,0.01340999984228923,0.6854411943640599,0.6,1,0.03308904358229703,0.03308904358229703
2016-05-27,0.0036767761347145478,0.6796506024070545,0.6,1,-0.01439292261941405,-0.01439292261941405
2016-06-03,0.0010888398512842153,0.5927958638484003,0.6,0,0.00925546632713603,0.0
2016-06-10,0.005486722739714271,0.6687988983810191,0.6,1,-0.02221316811426155,-0.02221316811426155
2016-06-17,0.0010728178506872966,0.5829090385897019,0.6,0,-0.007086289200327944,-0.0
2016-06-24,0.005269803022065302,0.571099819117473,0.6,0,0.028337579893246145,0.0
2016-07-01,0.0025635729923647096,0.6182791790015322,0.6,1,-0.073076172859742,-0.073076172859742
2016-07-08,-0.007672356895283464,0.4277933901175444,0.6,0,0.011891674022062704,0.0
2016-07-15,0.0007231731192698094,0.5932468470384035,0.6,0,-0.03830254857471038,-0.0
2016-07-22,-0.011295710488808374,0.4454050841802372,0.6,0,-0.058610550646690074,-0.0
2016-07-29,-0.009427364027157041,0.37927872227925497,0.6,-1,0.004807710823928835,-0.004807710823928835
2016-08-05,-0.005036361577367785,0.5130050939258545,0.6,0,0.0643541265670946,0.0
2016-08-12,0.012864112780808476,0.7192576915669826,0.6,1,0.09058212243780162,0.09058212243780162
2016-08-19,0.018112343442870077,0.7846962332553594,0.6,1,-0.018136872625985845,-0.018136872625985845
2016-08-26,0.002498692556549772,0.5857879132796895,0.6,0,-0.06717046187945108,-0.0
2016-09-02,0.013070820730380274,0.6874679068230586,0.6,1,0.03240329626249783,0.03240329626249783
2016-09-09,0.004908811479829058,0.6418825393238065,0.6,1,-0.06211861862398682,-0.06211861862398682
2016-09-16,0.0021019830072411946,0.5212864506033844,0.6,0,0.033697439090727865,0.0
2016-09-23,0.005834929226339004,0.6240468685152205,0.6,1,0.08453242299744468,0.08453242299744468
2016-09-30,0.01734241863407375,0.7454830331478941,0.6,1,0.03254559784820721,0.03254559784820721
2016-10-07,-0.005104251872681172,0.44557547457821833,0.6,0,0.010841138043405696,0.0
2016-10-14,0.004960578465682913,0.5605586396405388,0.6,0,0.009930486894790924,0.0
2016-10-21,-0.004087355941001333,0.46016765698876383,0.6,0,-0.042281175529942816,-0.0
2016-10-28,-0.031733255435439076,0.18399318718996022,0.6,-1,-0.09507188902630681,0.09507188902630681
2016-11-04,-0.011882581905063517,0.2637917085445692,0.6,-1,0.013387795703960093,-0.013387795703960093
2016-11-11,-0.01208729768126437,0.40241793383344143,0.6,0,0.023063116498343694,0.0
2016-11-18,-0.005170787740843084,0.5315740067097949,0.6,0,0.008098112446992767,0.0
2016-11-25,-0.01779777743340559,0.4323588292925849,0.6,0,0.12201473652459893,0.0
2016-12-02,-0.00012956675172567196,0.7048890326042933,0.6,1,-0.003482978020759697,-0.003482978020759697
2016-12-09,-0.004170102821540697,0.5080942767850665,0.6,0,0.007767019919978857,0.0
2016-12-16,-0.008154879494258442,0.4564870908522295,0.6,0,0.021579940249641494,0.0
2016-12-23,-0.004405039543733623,0.5224827019722122,0.6,0,0.01320257934545066,0.0
2016-12-30,0.004545409431089116,0.5481585016283614,0.6,0,0.005026069464414196,0.0
2017-01-06,0.0003392810561697159,0.6148804787154524,0.6,1,-0.03000560652377504,-0.03000560652377504
2017-01-13,0.00606857141551598,0.6231897850095153,0.6,1,0.0009547305342811896,0.0009547305342811896
2017-01-20,0.011508056861190741,0.6083496209616123,0.6,1,0.014307516714953117,0.014307516714953117
2017-01-27,0.0007900120865154902,0.4518188197113292,0.6,0,0.012413084160963095,0.0
2017-02-03,-0.0037048408652160473,0.4078535201334763,0.6,0,0.0005572873541974666,0.0
2017-02-10,-0.0042575149300311905,0.4731348280908823,0.6,0,-0.008540643877828824,-0.0
2017-02-17,0.006431959755823547,0.5457936896997331,0.6,0,0.011048691680316969,0.0
2017-02-24,0.004983498749409836,0.5682602399691171,0.6,0,-0.012224482809663262,-0.0
2017-03-03,-0.014979466666565494,0.42325659333391635,0.6,0,-0.0907556719746726,-0.0
2017-03-10,-0.0016416255848368338,0.5017724067373476,0.6,0,0.005980554563660867,0.0
2017-03-17,0.008754529035332196,0.5728901592845143,0.6,0,-0.016605116417869326,-0.0
2017-03-24,0.012199819777812995,0.590050441671125,0.6,0,0.054825874223303206,0.0
2017-03-31,0.024720929958112824,0.7117356177689182,0.6,1,0.03241113149804664,0.03241113149804664
2017-04-07,0.015974839808463395,0.6807466073180055,0.6,1,0.01799384755947364,0.01799384755947364
2017-04-14,0.00891030480135864,0.6519138644710422,0.6,1,-0.06694248501056399,-0.06694248501056399
2017-04-21,0.000788615867112518,0.5851018473583185,0.6,0,-0.005844359271917066,-0.0
2017-04-28,0.008844909232633237,0.6054068872471051,0.6,1,-0.06304481035704579,-0.06304481035704579
2017-05-05,0.009713473836258377,0.5985661100566694,0.6,0,0.035049737972727035,0.0
2017-05-12,0.017651708208313514,0.6798985947018157,0.6,1,0.0520485299022746,0.0520485299022746
2017-05-19,0.024339462879037627,0.7615307169927266,0.6,1,-0.010530549865132688,-0.010530549865132688
2017-05-26,0.016284928005499983,0.6865928095626903,0.6,1,-0.04297187595247742,-0.04297187595247742
2017-06-02,-0.0031288113410026077,0.5226193324084304,0.6,0,-0.03839693710063641,-0.0
2017-06-09,0.008414673154912051,0.5386676623419331,0.6,0,-0.023783550273596132,-0.0
2017-06-16,0.012637479262534664,0.5577840478958366,0.6,0,-0.038667932320758935,-0.0
2017-06-23,0.003508868944962939,0.49227445388952196,0.6,0,0.07044879591351094,0.0
2017-06-30,0.0301318024532467,0.7494772308948439,0.6,1,-0.03931366935921543,-0.03931366935921543
2017-07-07,0.004411489813882384,0.49537642638693313,0.6,0,0.05222702684147973,0.0
2017-07-14,0.01470109583977125,0.6031713017174265,0.6,1,-0.016544917116810276,-0.016544917116810276
2017-07-21,0.007647288784938866,0.4949507959673556,0.6,0,0.08608255598216119,0.0
2017-07-28,0.019853747290432888,0.6227549792706175,0.6,1,-0.0026151127703113453,-0.0026151127703113453
2017-08-04,0.008533383306584812,0.5441030324772395,0.6,0,-0.015328804117841655,-0.0
2017-08-11,0.007944616675600475,0.522366884286752,0.6,0,-0.006349884785515125,-0.0
2017-08-18,-0.001927778390990082,0.47386822998638317,0.6,0,-0.0131931439248133,-0.0
2017-08-25,0.005679992921639283,0.4779060710348921,0.6,0,-0.012116106732793397,-0.0
2017-09-01,-0.003964602149023018,0.47937436908268544,0.6,0,0.004017733622978303,0.0
2017-09-08,-0.0026949183250465874,0.44911158838018206,0.6,0,0.05075821126047542,0.0
2017-09-15,0.006963465827222753,0.5955107039061444,0.6,0,0.015433964064618388,0.0
2017-09-22,-0.0030818457521932484,0.5053245336844143,0.6,0,0.019936800721976233,0.0
2017-09-29,-0.004338544250366609,0.5179262023441229,0.6,0,-0.04606149289256978,-0.0
2017-10-06,-0.027191545913822963,0.29872949914777186,0.6,-1,0.04382227241411285,-0.04382227241411285
2017-10-13,-0.0027550239521767082,0.45672307715272686,0.6,0,0.0003887358108278782,0.0
2017-10-20,-0.017431931666473634,0.3887085914166144,0.6,-1,0.04721197294625945,-0.04721197294625945
2017-10-27,-0.00587705607840455,0.46056585586107035,0.6,0,0.03228196316347254,0.0
2017-11-03,-0.014333435965067061,0.406735663771872,0.6,0,0.019769991029565226,0.0
2017-11-10,-0.013531399543115216,0.4224507961172908,0.6,0,-0.0033486506130709914,-0.0
2017-11-17,-0.007858444121512901,0.4040561923069594,0.6,0,0.042440345857795325,0.0
2017-11-24,0.00899335647918401,0.4807449923867113,0.6,0,-0.010008484223104741,-0.0
2017-12-01,0.002273233374692622,0.4076896785061159,0.6,0,-0.017135023809828898,-0.0
2017-12-08,-0.0029413306896759646,0.3805150377679816,0.6,-1,-0.001046049035086427,0.001046049035086427
2017-12-15,-0.0013014371884449208,0.3918087292164346,0.6,-1,0.02041888305795725,-0.02041888305795725
2017-12-22,-0.0024943308408621155,0.4314674927761765,0.6,0,0.03335038323125139,0.0
2017-12-29,0.00525712754310418,0.46856979194687365,0.6,0,0.016881835297504644,0.0
2018-01-05,0.011977679716020487,0.6174946930570323,0.6,1,0.04654955222940926,0.04654955222940926
2018-01-12,0.018826030912647302,0.6708161092845804,0.6,1,-0.014463515952315653,-0.014463515952315653
2018-01-19,0.005705694584963184,0.5093255572779086,0.6,0,0.043711543387290996,0.0
2018-01-26,0.006660440375594945,0.5342725989754649,0.6,0,-0.010432453096064664,-0.0
2018-02-02,0.0014984005136770547,0.5260083105494058,0.6,0,-0.09549268871998917,-0.0
2018-02-09,0.0010725375430072324,0.6073333227704493,0.6,1,0.041891883619516124,0.041891883619516124
2018-02-16,0.022879865441063532,0.7396612374032955,0.6,1,0.030317751663951453,0.030317751663951453
2018-02-23,0.013409715578469995,0.7741187488663469,0.6,1,-0.03619196325212937,-0.03619196325212937
2018-03-02,0.004309587065578832,0.726366331762912,0.6,1,0.012897974131058643,0.012897974131058643
2018-03-09,0.0025536517304228573,0.6589520267737732,0.6,1,0.004835577573072847,0.004835577573072847
2018-03-16,0.009583773254764717,0.7495829859321927,0.6,1,0.05678532390383895,0.05678532390383895
2018-03-23,0.014149793461279887,0.7641036112184552,0.6,1,-0.014268288573174637,-0.014268288573174637
2018-03-30,0.014131949446471866,0.7115790781887378,0.6,1,-0.044348644284603944,-0.044348644284603944
2018-04-06,-0.010678327488701119,0.44760650687993037,0.6,0,0.08588459391577308,0.0
2018-04-13,0.015227766033617456,0.6250205899912149,0.6,1,0.014690575348507817,0.014690575348507817
2018-04-20,0.0010405147217445176,0.5970938112035329,0.6,0,-0.004094746863752996,-0.0
2018-04-27,-0.011847899356364702,0.5227193877342773,0.6,0,0.023788587120125326,0.0
2018-05-04,-0.0005851832677945768,0.6698226371992697,0.6,1,0.01405616337321658,0.01405616337321658
2018-05-11,0.0003745428808191007,0.69528815444861,0.6,1,0.008203703763654868,0.008203703763654868
2018-05-18,-0.011337701670120597,0.6393686976911956,0.6,1,-0.04769923658958353,-0.04769923658958353
2018-05-25,0.0002191691830810362,0.6700051921367257,0.6,1,-0.030494987898957104,-0.030494987898957104
2018-06-01,-0.003332607513283885,0.5853569718322674,0.6,0,-0.001063663537776205,-0.0
2018-06-08,0.00010635114605071522,0.5487832274199126,0.6,0,-0.010343783499733639,-0.0
2018-06-15,0.0008185327608420604,0.5175210242657607,0.6,0,0.05410397178836024,0.0
2018-06-22,0.011854265233686719,0.6478279979476582,0.6,1,0.08121900767144608,0.08121900767144608
2018-06-29,0.0043064690996033545,0.6684025609980438,0.6,1,-0.004720141158715219,-0.004720141158715219
2018-07-06,0.007230016510205351,0.6017903497897042,0.6,1,-0.03780488889100242,-0.03780488889100242
2018-07-13,-0.012934218721799945,0.44400882954744425,0.6,0,-0.007745430716966428,-0.0
2018-07-20,0.004687428374454956,0.5251075536303865,0.6,0,-0.025120588505038177,-0.0
2018-07-27,-0.0007480869239021156,0.45427804972844193,0.6,0,-0.002911698508197391,-0.0
2018-08-03,0.0046375456847448805,0.5059911931433348,0.6,0,-0.01255658690575745,-0.0
2018-08-10,-0.009274102573183915,0.42367556343960533,0.6,0,-0.025432406641442973,-0.0
2018-08-17,0.001089003849082321,0.48538539737198483,0.6,0,0.04263385529455177,0.0
2018-08-24,-0.00042981820540950624,0.4617623731911779,0.6,0,0.015715975143628436,0.0
2018-08-31,-0.003730324136296961,0.4681933483925238,0.6,0,-0.029369669944537158,-0.0
2018-09-07,-0.005127700361144137,0.43703476696797716,0.6,0,0.01830255149475324,0.0
2018-09-14,-0.004547251559149201,0.42897921498586034,0.6,0,0.025945803318648597,0.0
2018-09-21,-0.009552107488976013,0.3948403466896619,0.6,-1,0.03489688136905711,-0.03489688136905711
2018-09-28,-0.012680871518075199,0.37663911368976283,0.6,-1,0.014880496080418082,-0.014880496080418082
2018-10-05,-0.018826384286560797,0.3148343607119902,0.6,-1,-0.04035512708884703,0.04035512708884703
2018-10-12,-0.022623623084281383,0.284756856184677,0.6,-1,-0.03111849881227835,0.03111849881227835
2018-10-19,-0.02084413355018108,0.29921818095825675,0.6,-1,-0.0221355085054169,0.0221355085054169
2018-10-26,-0.014991700578824164,0.3241577900334588,0.6,-1,-0.0658381001531071,0.0658381001531071
2018-11-02,-0.01498268239170688,0.31947666522231644,0.6,-1,-0.04672158364675394,0.04672158364675394
2018-11-09,-0.021168553933901452,0.2941101253734924,0.6,-1,-0.06197042078982806,0.06197042078982806
2018-11-16,-0.01700382007884669,0.2707601403459062,0.6,-1,-0.10697840973200501,0.10697840973200501
2018-11-23,-0.021770569533552272,0.22603716455397363,0.6,-1,0.010115076452830829,-0.010115076452830829
2018-11-30,0.00304031415572287,0.38308544597282507,0.6,-1,0.032986457787337775,-0.032986457787337775
2018-12-07,0.005313858665315885,0.460733925063434,0.6,0,-0.026800985193957128,-0.0
2018-12-14,-0.012921425472006564,0.3325112957321362,0.6,-1,-0.10957032278820389,0.10957032278820389
2018-12-21,-0.025475997358038748,0.24064999933844256,0.6,-1,-0.005702968209322257,0.005702968209322257
2018-12-28,-0.006069521253005548,0.32504911735209685,0.6,-1,0.05801890904880147,-0.05801890904880147
2019-01-04,0.02409917058760745,0.6537483369448724,0.6,1,0.07568809711029512,0.07568809711029512
2019-01-11,0.03313827411074766,0.7122466156576142,0.6,1,0.042837741382751204,0.042837741382751204
2019-01-18,-0.004300780590383299,0.49195318275208855,0.6,0,-0.0020446210392469633,-0.0
2019-01-25,-0.00133762281131339,0.48565071378236824,0.6,0,0.02924193956010268,0.0
2019-02-01,0.006163600174019771,0.5969730328445291,0.6,0,-0.04596448023850763,-0.0
2019-02-08,-0.00679684761454929,0.521365108617842,0.6,0,0.054438521726697386,0.0
2019-02-15,0.002586760560196252,0.5984927947464419,0.6,0,0.030041341326881854,0.0
2019-02-22,0.012993812241771732,0.6766282376513915,0.6,1,-0.025497714412674122,-0.025497714412674122
2019-03-01,-0.012467591965515577,0.5094578140559088,0.6,0,0.004838717947228011,0.0
2019-03-08,-0.0001883351835098065,0.6004795205945438,0.6,1,0.04369539461876637,0.04369539461876637
2019-03-15,0.022140229429922664,0.7727493115299944,0.6,1,0.008885858743951536,0.008885858743951536
2019-03-22,0.0034889920091678173,0.689094842568775,0.6,1,0.018631410180615315,0.018631410180615315
2019-03-29,-0.003761751779196936,0.6325281392928666,0.6,1,0.04888597391492988,0.04888597391492988
2019-04-05,-0.006212849396205299,0.4905467010924438,0.6,0,0.012840797956270578,0.0
2019-04-12,-0.002502159366598055,0.5040751515131541,0.6,0,0.001721718757276891,0.0
2019-04-19,-0.010957825046867015,0.4537343987218283,0.6,0,-0.010937511920928955,-0.0
2019-04-26,-0.01864092124373934,0.3700710473835841,0.6,-1,-0.02148500200226411,0.02148500200226411
2019-05-03,0.0016814072329121394,0.5714203996146102,0.6,0,-0.004520484105663747,-0.0
2019-05-10,-0.011417483426694023,0.43978410552315733,0.6,0,0.017839741758728822,0.0
2019-05-17,-0.010799403367569085,0.4507881368772731,0.6,0,-0.06580620401324888,-0.0
2019-05-24,-0.0060829063597971685,0.49348624666958274,0.6,0,-0.08749788460954133,-0.0
2019-05-31,-0.016605243908634576,0.4127293874127595,0.6,0,0.009158909877884147,0.0
2019-06-07,0.0041970707789532715,0.563744102649241,0.6,0,-0.02741254511803204,-0.0
2019-06-14,0.005918533105962494,0.5663736995313206,0.6,0,0.09369647954502014,0.0
2019-06-21,0.038538172124019734,0.77774710711553,0.6,1,0.018109018109018216,0.018109018109018216
2019-06-28,0.011336924034534722,0.6187207220489137,0.6,1,-0.016418725485334962,-0.016418725485334962
2019-07-05,0.006846459072816104,0.5134928720950613,0.6,0,0.0469483714439356,0.0
2019-07-12,0.007889190603096154,0.5217673675615434,0.6,0,-0.07606706669986552,-0.0
2019-07-19,0.005576128534316299,0.5149254759372982,0.6,0,0.01024626431565756,0.0
2019-07-26,0.007201633423757626,0.5351675407714218,0.6,0,-0.00960855708534869,-0.0
2019-08-02,-0.006345490346399472,0.444412256801546,0.6,0,-0.02084081657549708,-0.0
2019-08-09,-0.006231616785868373,0.43890138332754264,0.6,0,0.006788971227243312,0.0
2019-08-16,-0.010131948141176583,0.4213202814570661,0.6,0,-0.012757440797628417,-0.0
2019-08-23,-0.0007389413210560235,0.5129745042701425,0.6,0,0.017168180480185757,0.0
2019-08-30,-0.004090401130326926,0.4903722925380868,0.6,0,0.025771361578340368,0.0
2019-09-06,0.00017096099354663022,0.5485258101758401,0.6,0,-0.029547097843541925,-0.0
2019-09-13,-0.018536557189202052,0.3262037442095489,0.6,-1,0.059070223675493194,-0.059070223675493194
2019-09-20,-0.008005715628093957,0.39931053809537953,0.6,-1,-0.03752797898862914,0.03752797898862914
2019-09-27,-0.015118505784906486,0.370819846119264,0.6,-1,-0.055446225766079715,0.055446225766079715
2019-10-04,-0.020706273473162853,0.27604347111044314,0.6,-1,0.03578866389888624,-0.03578866389888624
2019-10-11,-0.014410947225428145,0.33424538335218074,0.6,-1,-0.0168190488265203,0.0168190488265203
2019-10-18,-0.0025168527799487466,0.41043390168966226,0.6,0,0.0535515272124536,0.0
2019-10-25,-0.0002601102337379065,0.42581229682669147,0.6,0,-0.008118586052090593,-0.0
2019-11-01,-0.012720692724814329,0.35381758489675197,0.6,-1,0.018505354117595685,-0.018505354117595685
2019-11-08,-0.006778647854675808,0.41799950809993985,0.6,0,0.008385735991634391,0.0
2019-11-15,-0.013443223475873421,0.38517456074226497,0.6,-1,0.0008662376299917174,-0.0008662376299917174
2019-11-22,-0.01311858766493491,0.3908652814468743,0.6,-1,-0.0450060977707496,0.0450060977707496
2019-11-29,-0.01473617888050756,0.3678000248149729,0.6,-1,0.07304699524645963,-0.07304699524645963
2019-12-06,0.001924396983469221,0.47860329651629674,0.6,0,0.014695927714065249,0.0
2019-12-13,-0.0012935693600378319,0.45007834549634274,0.6,0,0.006159462856075937,0.0
2019-12-20,0.0031329817984202682,0.4975202176729282,0.6,0,0.021178071195860237,0.0
2019-12-27,0.01066065429193416,0.572816566624735,0.6,0,0.021548898088992408,0.0
2020-01-03,0.0040739673008561485,0.514833918388156,0.6,0,-0.06360029135696077,-0.0
2020-01-10,0.0027870228620296544,0.5535036374104104,0.6,0,-0.00846883455702152,-0.0
2020-01-17,0.006567628835561925,0.5284505290172588,0.6,0,-0.07430820329325538,-0.0
2020-01-24,-0.0016195441528090784,0.47740172226747285,0.6,0,-0.048532890202394374,-0.0
2020-01-31,-0.00198792625043317,0.4310116505679756,0.6,0,-0.024049682805267314,-0.0
2020-02-07,-0.009581156617854214,0.37624557104761697,0.6,-1,0.034379959314949415,-0.034379959314949415
2020-02-14,0.006880198795009053,0.5049017273461321,0.6,0,0.025552389059550595,0.0
2020-02-21,5.1187688105214365e-05,0.4953599245348899,0.6,0,-0.16148374998311688,-0.0
2020-02-28,-0.014735679719871423,0.4436857735417028,0.6,0,-0.07774798196456068,-0.0
2020-03-06,0.0004760128444420377,0.5044565973226215,0.6,0,-0.23134688758397326,-0.0
2020-03-13,-0.02448759143742179,0.44423983850158827,0.6,0,-0.293097994681064,-0.0
2020-03-20,-0.09739875469312095,0.33088078342004806,0.6,-1,-0.04101649860796719,0.04101649860796719
2020-03-27,-0.02775065939930934,0.4082224375338808,0.6,0,0.317526724827055,0.0
2020-04-03,0.1688232089709927,0.8930709719729473,0.6,1,-0.19689484451878214,-0.19689484451878214
2020-04-10,-0.04008385100572806,0.3621706812147078,0.6,-1,-0.1972759106311639,0.1972759106311639
2020-04-17,-0.06730058524905258,0.328527449040313,0.6,-1,-0.0727969288660244,0.0727969288660244
2020-04-24,-0.05356834368659193,0.2761190692959815,0.6,-1,0.16765053500902272,-0.16765053500902272
2020-05-01,0.05150986233608274,0.7813053836646707,0.6,1,0.25075828676898904,0.25075828676898904
2020-05-08,0.08987488373175201,0.8042938175530926,0.6,1,0.18957156739883207,0.18957156739883207
2020-05-15,0.05629315865372182,0.6486034962405195,0.6,1,0.12979951257942757,0.12979951257942757
2020-05-22,0.03113988983092291,0.6377722561357959,0.6,1,0.06736847153283598,0.06736847153283598
2020-05-29,0.035580966444098854,0.7657185528696988,0.6,1,0.11439834788898051,0.11439834788898051
2020-06-05,0.05279822953413088,0.8545003457512398,0.6,1,-0.08318586546126727,-0.08318586546126727
2020-06-12,0.01029463030918529,0.772782681469402,0.6,1,0.0962493612801476,0.0962493612801476
2020-06-19,0.05420382840955053,0.881092851610956,0.6,1,-0.03169807098196742,-0.03169807098196742
2020-06-26,0.015585356236433544,0.6881125532148792,0.6,1,0.05611846591891734,0.05611846591891734
2020-07-03,0.012068045135524038,0.6071331619417183,0.6,1,-0.002460080813396659,-0.002460080813396659
2020-07-10,0.023210430768264147,0.6050892392427768,0.6,1,0.000986459094450165,0.000986459094450165
2020-07-17,0.004860194164821578,0.6150885507758616,0.6,1,0.017245645733135584,0.017245645733135584
2020-07-24,0.04022446142483325,0.7936008109178678,0.6,1,-0.024703328533473012,-0.024703328533473012
2020-07-31,0.020075175620973922,0.5909394825289618,0.6,0,0.023590781031548325,0.0
2020-08-07,0.02168842423334304,0.6001664202254245,0.6,1,0.019165382761640926,0.019165382761640926
2020-08-14,0.015629191824962738,0.5553370159542278,0.6,0,0.007855316454167482,0.0
2020-08-21,0.011455641926022693,0.5605733645193564,0.6,0,0.014879571701577499,0.0
2020-08-28,0.01858733039359443,0.5963976354350433,0.6,0,-0.07447057649599687,-0.0
2020-09-04,-0.0063901393170662174,0.4939732007015504,0.6,0,-0.061352743239223684,-0.0
2020-09-11,0.005095983421304724,0.5410907835565342,0.6,0,0.10125900331867399,0.0
2020-09-18,0.03891779018682152,0.6497097745522097,0.6,1,-0.020919498846589946,-0.020919498846589946
2020-09-25,-0.002748224508303144,0.5261748918931912,0.6,0,-0.07950312454507957,-0.0
2020-10-02,-0.01111389009256406,0.4060333390365818,0.6,0,0.09581644561842628,0.0
2020-10-09,0.03476005284977655,0.5784206062876092,0.6,0,0.00689661587481627,0.0
2020-10-16,0.005604374304510168,0.5028193439730286,0.6,0,-0.025195757511794703,-0.0
2020-10-23,0.009931680613636862,0.44573747310189454,0.6,0,-0.10188200035265604,-0.0
2020-10-30,0.0023118610030439957,0.47654104218370147,0.6,0,0.037719989929796416,0.0
2020-11-06,0.018134348117226827,0.500829989074116,0.6,0,0.0805062393000513,0.0
2020-11-13,0.0295767816475964,0.5639730279991602,0.6,0,0.050336416745541346,0.0
2020-11-20,0.020648304709675915,0.5691237155024741,0.6,0,0.08018973027421472,0.0
2020-11-27,0.031022267378932593,0.6089483358799612,0.6,1,0.016033374957353796,0.016033374957353796
2020-12-04,-0.004971162077691006,0.47854689130009015,0.6,0,0.006701283712470696,0.0
2020-12-11,0.020132487831894058,0.6300632937336487,0.6,1,0.05432679398488505,0.05432679398488505
2020-12-18,0.026545233283623175,0.6482918324552939,0.6,1,-0.01771891973363937,-0.01771891973363937
2020-12-25,0.013885764063687352,0.6219989421707339,0.6,1,0.0060128741090570426,0.0060128741090570426
2021-01-01,0.006690449706316876,0.4994431098215363,0.6,0,0.07666943910978241,0.0
2021-01-08,0.016988159364458053,0.527152587804729,0.6,0,0.002297069832105869,0.0
2021-01-15,-0.012737542661887345,0.41590244630833423,0.6,0,-0.0017188722600988138,-0.0
2021-01-22,0.0066227563316012105,0.5440443901106172,0.6,0,-0.001339194455924675,-0.0
2021-01-29,-0.010823154457463468,0.43130753882673195,0.6,0,0.08908041462104754,0.0
2021-02-05,0.021246107926068694,0.5750020633477635,0.6,0,0.04608624128239325,0.0
2021-02-12,0.017519955845531933,0.5695916484959138,0.6,0,-0.0038674884398062215,-0.0
2021-02-19,-0.005945517742469897,0.4376371691468317,0.6,0,0.03814986930283437,0.0
2021-02-26,-0.028866279453789653,0.3202744104080516,0.6,-1,0.07463408679496952,-0.07463408679496952
2021-03-05,-0.006390011237576142,0.462702741253345,0.6,0,-0.007262759178939038,-0.0
2021-03-12,-0.008178584053375586,0.4765046984043369,0.6,0,-0.0638622527423841,-0.0
2021-03-19,-0.01325248688576878,0.4539300961426621,0.6,0,-0.007326554243853978,-0.0
2021-03-26,0.003906380035465553,0.49812238534028186,0.6,0,0.007872716624997222,0.0
2021-04-02,0.011805398243905488,0.49121952583660417,0.6,0,-0.0346623440467041,-0.0
2021-04-09,0.004759319830096499,0.4826322234947506,0.6,0,0.06422793986668629,0.0
2021-04-16,0.01408148303528811,0.4764331898460581,0.6,0,-0.015681952506204078,-0.0
2021-04-23,0.0015421878876471233,0.440413725297305,0.6,0,0.02317351875684337,0.0
2021-04-30,0.020445558163671163,0.5262956731164934,0.6,0,0.020761240276962134,0.0
2021-05-07,0.011043338302344144,0.4860605194305431,0.6,0,0.007241929270459524,0.0
2021-05-14,-0.0022902989603458064,0.4554741759797363,0.6,0,-0.02738260425759176,-0.0
2021-05-21,-0.005373013823362041,0.46771575379307656,0.6,0,0.043095278151300986,0.0
2021-05-28,0.013532853924024051,0.5274917960813853,0.6,0,0.04975879172109465,0.0
2021-06-04,0.017080093060332525,0.5600969560167159,0.6,0,0.018529170707202836,0.0
2021-06-11,0.01542544068324823,0.5709757149089296,0.6,0,0.010294679027482934,0.0
2021-06-18,0.0071669454057119485,0.5547084594726356,0.6,0,0.03364047574877005,0.0
2021-06-25,0.012835626258616865,0.5736926120806364,0.6,0,0.01498987933296525,0.0
2021-07-02,0.0041528341081671725,0.5228775397167656,0.6,0,-0.007983050482714527,-0.0
2021-07-09,-0.004505689025021288,0.4998097201631631,0.6,0,-0.036883048418005715,-0.0
2021-07-16,-0.015999549478852678,0.39428839100005714,0.6,-1,0.003620695516920458,-0.003620695516920458
2021-07-23,-0.00602305318298937,0.47481005099038953,0.6,0,0.026085711965848413,0.0
2021-07-30,-0.010931768870884599,0.4132779261137696,0.6,0,-0.07667340639532083,-0.0
2021-08-06,-0.019528921289091828,0.4441719228510955,0.6,0,0.002343346001316693,0.0
2021-08-13,0.001854209892295543,0.520605764490427,0.6,0,-0.08942142794079488,-0.0
2021-08-20,-0.012278105993819389,0.4676501038889941,0.6,0,0.10301665918458758,0.0
2021-08-27,0.027426338287217703,0.6090417633944845,0.6,1,0.008001208449959885,0.008001208449959885
2021-09-03,0.005205586588930951,0.5694353385519777,0.6,0,0.006205806025316729,0.0
2021-09-10,0.010420971248784498,0.6250180665297379,0.6,1,0.03227194435750924,0.03227194435750924
2021-09-17,0.012656111386246015,0.6167176249413889,0.6,1,0.027928332668309963,0.027928332668309963
2021-09-24,-0.008808239727979247,0.5235193693663291,0.6,0,0.025682533255877438,0.0
2021-10-01,-0.011827453287944028,0.46966049056866216,0.6,0,0.0457301179006937,0.0
2021-10-08,-0.01040113782571275,0.4489668610414893,0.6,0,0.0369250203089968,0.0
2021-10-15,0.001341828663634529,0.49894378675816675,0.6,0,0.01798740129911125,0.0
2021-10-22,-0.006478096899767845,0.4526200143788893,0.6,0,-0.0022684149541594145,-0.0
2021-10-29,-0.008746280499018586,0.4505080755023055,0.6,0,-0.027521874598023466,-0.0
2021-11-05,-0.007943732766480426,0.48972467861216934,0.6,0,-0.005906186137144553,-0.0
2021-11-12,-0.001450826477230857,0.5071984653959176,0.6,0,-0.058051768637928824,-0.0
2021-11-19,-0.01594209768046406,0.43828033171639225,0.6,0,-0.10446776751179176,-0.0
2021-11-26,-0.020098094797736797,0.4140391138944451,0.6,0,-0.027732932462675608,-0.0
2021-12-03,-0.008043665779430878,0.47523716990212284,0.6,0,0.08164799061720363,0.0
2021-12-10,0.020384208298674416,0.6311926454187754,0.6,1,-0.011301766140475844,-0.011301766140475844
2021-12-17,0.004457275408027666,0.5687032545933611,0.6,0,0.04134914309819737,0.0
2021-12-24,0.017399157447289267,0.6278431672810414,0.6,1,0.01924377491973317,0.01924377491973317
2021-12-31,0.011948474287088255,0.6152608148439854,0.6,1,0.04906265770940643,0.04906265770940643
2022-01-07,0.006247661016989248,0.5584896904541027,0.6,0,0.06235739003543084,0.0
2022-01-14,0.004387283303790896,0.5354171424155291,0.6,0,0.015748027912552365,0.0
2022-01-21,-0.008740774283840588,0.4600346122616795,0.6,0,0.019732209504573328,0.0
2022-01-28,-0.010898837425055949,0.4883664424219627,0.6,0,0.0632342534331618,0.0
2022-02-04,0.007923553028606286,0.6074191361668392,0.6,1,0.008558129524658176,0.008558129524658176
2022-02-11,-0.01612628674812961,0.49160433983545526,0.6,0,-0.021804498523822713,-0.0
2022-02-18,-0.027045508091530952,0.4102791380261984,0.6,0,0.005709856646633593,0.0
2022-02-25,-0.010787473962473787,0.5339627248446444,0.6,0,0.2630200341794222,0.0
2022-03-04,0.04085332696718171,0.7689467755020015,0.6,1,-0.05489279441017603,-0.05489279441017603
2022-03-11,-0.03534887902248083,0.47071076683096,0.6,0,-0.042348896051123464,-0.0
2022-03-18,-0.0132344706778657,0.5429025424671255,0.6,0,0.08787015134474818,0.0
2022-03-25,0.01347316148380202,0.6815925245762707,0.6,1,-0.12844604641632473,-0.12844604641632473
2022-04-01,-0.028496040031363756,0.3425345640579469,0.6,-1,-0.010174217195427548,0.010174217195427548
2022-04-08,-0.02266845763560614,0.28688482299232027,0.6,-1,0.08843878102061975,-0.08843878102061975
2022-04-15,0.020286872894788588,0.6313612714857239,0.6,1,-0.04562877412497379,-0.04562877412497379
2022-04-22,-0.022051139642273697,0.37022778659699557,0.6,-1,0.02566868574914749,-0.02566868574914749
2022-04-29,-0.018014532018265427,0.43872030746774815,0.6,0,0.0485241578297162,0.0
2022-05-06,-0.022698902373801268,0.42876684902476536,0.6,0,0.0065591804930476005,0.0
2022-05-13,-0.014606812432952563,0.5423706623533341,0.6,0,0.02479867450574491,0.0
2022-05-20,-0.0009778048925102815,0.5425341818833438,0.6,0,0.01625007757078678,0.0
2022-05-27,0.010947620803992635,0.6130305568409308,0.6,1,0.03302340368328638,0.03302340368328638
2022-06-03,0.003497671625868261,0.5288578798082387,0.6,0,0.015142553888895627,0.0
2022-06-10,-0.003015947322458139,0.5185483067017226,0.6,0,-0.09206928630923561,-0.0
2022-06-17,-0.016810917802860044,0.5035919712535768,0.6,0,-0.017707145447627415,-0.0
2022-06-24,-0.01036621642016642,0.5245430046670639,0.6,0,0.0075264591890140675,0.0
2022-07-01,-0.029298671546088007,0.30791336385033713,0.6,-1,-0.033570039466971124,0.033570039466971124
2022-07-08,-0.02313324726247286,0.38097767543338146,0.6,-1,-0.06870888934756991,0.06870888934756991
2022-07-15,-0.016407307131228854,0.41611155242562076,0.6,0,-0.029613684784270733,-0.0
2022-07-22,-0.0005230320022374712,0.484843391602486,0.6,0,0.04139393795843849,0.0
2022-07-29,-0.002519714007939067,0.42235143140081344,0.6,0,-0.09744474085085786,-0.0
2022-08-05,-0.019908596951528947,0.34991815459225617,0.6,-1,0.034602787638924104,-0.034602787638924104
2022-08-12,0.028995742636314433,0.6862997035322957,0.6,1,-0.014333801143622149,-0.014333801143622149
2022-08-19,0.0038582194539787114,0.5429972885133207,0.6,0,0.025228610776887983,0.0
2022-08-26,0.00786764999004897,0.5638294501169163,0.6,0,-0.06651617208687655,-0.0
2022-09-02,-0.02411523381634876,0.3474604429275631,0.6,-1,-0.0009209373607144133,0.0009209373607144133
2022-09-09,-0.013643462281154305,0.45801636864444223,0.6,0,-0.019357072098788453,-0.0
2022-09-16,-0.008894201996499297,0.47277909600862755,0.6,0,-0.07484435085067165,-0.0
2022-09-23,-0.01889563032161875,0.419542904519962,0.6,0,0.009525019308453508,0.0
2022-09-30,-0.008289241356848713,0.49220449880179756,0.6,0,0.16542963742954764,0.0
2022-10-07,-0.011682118696607385,0.3881924761908245,0.6,-1,-0.07588513412795217,0.07588513412795217
2022-10-14,-0.014101030432072729,0.5366928594482024,0.6,0,-0.006541263340746117,-0.0
2022-10-21,-0.007560663036084681,0.480649741789439,0.6,0,0.033509681033011995,0.0
2022-10-28,0.005598382898916435,0.6276887212052897,0.6,1,0.05358360640171278,0.05358360640171278
2022-11-04,-0.009180965498015566,0.5309313554435784,0.6,0,-0.03941260664964219,-0.0
2022-11-11,0.013503661925990208,0.718166646075745,0.6,1,-0.09982011403783742,-0.09982011403783742
2022-11-18,0.001739442256803122,0.6124293916628593,0.6,1,-0.04745258447639278,-0.04745258447639278
2022-11-25,0.020021377166451332,0.6964252353747978,0.6,1,0.0485055668176142,0.0485055668176142
2022-12-02,0.017951249041551123,0.6451439551187307,0.6,1,-0.11202808624401528,-0.11202808624401528
2022-12-09,-0.0347759802883087,0.26302162317026273,0.6,-1,0.04604343040024883,-0.04604343040024883
2022-12-16,0.01297451037972867,0.6103382485648713,0.6,1,0.07093816904187067,0.07093816904187067
2022-12-23,0.007553706824701755,0.562208284290023,0.6,0,0.008798448958236671,0.0
2022-12-30,-0.0023470799401461083,0.5406249043895791,0.6,0,-0.08086226414681819,-0.0
2023-01-06,-0.031700583039445306,0.2831142523618493,0.6,-1,0.08255394122832116,-0.08255394122832116
2023-01-13,0.008416239829263848,0.532647047750874,0.6,0,0.01815673600250678,0.0
2023-01-20,0.009740791578360268,0.6014580898385968,0.6,1,-0.02004670154175514,-0.02004670154175514
2023-01-27,0.0021043370748382107,0.529594925375241,0.6,0,-0.0789407742399163,-0.0
2023-02-03,-0.003699365388010695,0.536918757235355,0.6,0,0.08625155857335409,0.0
2023-02-10,-0.02423906288700216,0.36273409369533827,0.6,-1,-0.04239845498063943,0.04239845498063943
2023-02-17,-0.024383680090705434,0.3825179974029324,0.6,-1,-0.00026194189187411787,0.00026194189187411787
2023-02-24,-0.019197110528083493,0.43772969219444513,0.6,0,0.044025165406013755,0.0
2023-03-03,-0.005173647732301381,0.5896628385326649,0.6,0,-0.03765060226543604,-0.0
2023-03-10,-0.017286937781951936,0.46900843510791707,0.6,0,-0.12962966095261363,-0.0
2023-03-17,-0.02167345978163322,0.4404641427966474,0.6,0,0.037758530912823884,0.0
2023-03-24,0.011555555710281086,0.6473719014235858,0.6,1,0.09254975216585692,0.09254975216585692
2023-03-31,0.010635553773585774,0.6255610773778625,0.6,1,0.06647282808262522,0.06647282808262522
2023-04-07,0.005793790907517162,0.5625805653564973,0.6,0,0.022552661259596984,0.0
2023-04-14,0.01621523723183329,0.7046478319319757,0.6,1,-0.05634990409170215,-0.05634990409170215
2023-04-21,0.003395577520513895,0.6044306434938138,0.6,1,-0.013997738908940738,-0.013997738908940738
2023-04-28,-0.0031084194288418764,0.4942428774995796,0.6,0,-0.07085181724271017,-0.0
2023-05-05,-0.01513923934184918,0.4447558371239659,0.6,0,-0.018222532788003787,-0.0
2023-05-12,-0.012777340081651553,0.40561153696918306,0.6,0,0.02155913929886477,0.0
2023-05-19,0.010598061705997511,0.642011964833426,0.6,1,0.015653320327286613,0.015653320327286613
2023-05-26,-0.013920007882021699,0.4362483206618715,0.6,0,-0.01279758261468078,-0.0
2023-06-02,-0.00939607861901486,0.5279104206936884,0.6,0,-0.02188457961492507,-0.0
2023-06-09,-0.01599861325871276,0.42841589267849006,0.6,0,0.022944287478463776,0.0
2023-06-16,0.006894457405620462,0.6288230590627569,0.6,1,-0.036500350539754645,-0.036500350539754645
2023-06-23,0.008096166162205529,0.6479826648294547,0.6,1,0.02139959006899117,0.02139959006899117
2023-06-30,0.0024824633311812056,0.5837807849087598,0.6,0,0.04558325663257268,0.0
2023-07-07,-0.009114917413914389,0.42257179563677105,0.6,0,0.021121006575988588,0.0
2023-07-14,-0.006721475843057071,0.4943868832228429,0.6,0,0.021877506840862093,0.0
2023-07-21,-0.00292835180906458,0.5256940913725948,0.6,0,0.04554304074385751,0.0
2023-07-28,0.020937904564748592,0.7040310121458222,0.6,1,0.027798434014260076,0.027798434014260076
2023-08-04,-0.01032502478535089,0.44742362483588427,0.6,0,0.004467553102456279,0.0
2023-08-11,-0.008770985343678128,0.5078105374798063,0.6,0,-0.023320139253183325,-0.0
2023-08-18,-0.013309746233840371,0.4670590372252351,0.6,0,-0.01747690054086537,-0.0
2023-08-25,-0.01425856634606312,0.45066416072230786,0.6,0,0.07165227470254165,0.0
2023-09-01,-0.0017549674533808056,0.5274743552678242,0.6,0,0.022910567090066003,0.0
2023-09-08,-0.013242268001066376,0.43234842874068136,0.6,0,0.0372528217032948,0.0
2023-09-15,0.005886435344833003,0.5601009623531179,0.6,0,-0.00815245005108256,-0.0
2023-09-22,0.002645574159053421,0.5357148702278107,0.6,0,0.008441654410032529,0.0
2023-09-29,0.0026009990788714243,0.5294934695837873,0.6,0,-0.08811543032633451,-0.0
2023-10-06,-0.021161944741809647,0.30896901744508004,0.6,-1,0.05918590979215588,-0.05918590979215588
2023-10-13,0.002494719678912625,0.4843043527539618,0.6,0,0.01208800922661668,0.0
2023-10-20,-0.013725224761190105,0.4206529438415736,0.6,0,-0.03616900376870602,-0.0
2023-10-27,-0.014099000559641525,0.41852357074266383,0.6,0,-0.05880288432851566,-0.0
2023-11-03,-0.02351216298045999,0.364219557725742,0.6,-1,-0.041485577924014416,0.041485577924014416
2023-11-10,-0.012265640295467561,0.423031335576743,0.6,0,-0.016586741086796697,-0.0
2023-11-17,-0.008408598359325028,0.4062960644239171,0.6,0,-0.004611918262432235,-0.0
2023-11-24,0.0021722772791729827,0.4738852837368355,0.6,0,-0.019459904724477783,-0.0
2023-12-01,0.003993851400249394,0.5172173663790731,0.6,0,-0.03834205953276215,-0.0
2023-12-08,0.003769199896587482,0.5139566011335909,0.6,0,0.0028077627238061176,0.0
2023-12-15,0.00551334114050207,0.5063257380060716,0.6,0,0.02981936503314886,0.0
2023-12-22,0.019456204969206605,0.6559222042668164,0.6,1,-0.0259651454065567,-0.0259651454065567
2023-12-29,0.01029551300729386,0.5779989733983735,0.6,0,0.030146489695951795,0.0
2024-01-05,0.009529941618928178,0.5067129683728656,0.6,0,-0.015309541942755467,-0.0
2024-01-12,0.006590818977411063,0.4828873217951816,0.6,0,0.010044074764287148,0.0
2024-01-19,0.006037371910962987,0.5403172393662805,0.6,0,0.06266173879099513,0.0
2024-01-26,-0.0050022752697993535,0.4688834495689999,0.6,0,-0.07345216254355658,-0.0
2024-02-02,-0.02087956696657449,0.3851663013887037,0.6,-1,0.06308795843394321,-0.06308795843394321
2024-02-09,-0.021709127216203515,0.3471278882279558,0.6,-1,0.030583110561092086,-0.030583110561092086
2024-02-16,-0.012556255229715195,0.4382841713471644,0.6,0,-0.034095270796771215,-0.0
2024-02-23,-0.01850196233273421,0.38387488627972927,0.6,-1,0.04549618844455394,-0.04549618844455394
2024-03-01,0.001076403784136387,0.5262162596207329,0.6,0,-0.024509179124099334,-0.0
2024-03-08,-0.001141539681897917,0.5040768434681968,0.6,0,0.038841157496772416,0.0
2024-03-15,0.0008659373460956693,0.5061621929351396,0.6,0,-0.005059275141627184,-0.0
2024-03-22,-0.0038875546356167755,0.46626632793917855,0.6,0,0.0315019347891603,0.0
2024-03-29,-0.0007768678079417253,0.4739957690107914,0.6,0,0.044968204587030325,0.0
2024-04-05,-0.0015889923452778536,0.45390329607178304,0.6,0,-0.014382694135646079,-0.0
2024-04-12,-0.005293019107093013,0.4456558963152143,0.6,0,-0.029418680419408316,-0.0
2024-04-19,0.001057047275072883,0.5282920931600681,0.6,0,0.008539801415503145,0.0
2024-04-26,-0.014708572038461504,0.3621831889142262,0.6,-1,-0.06845555120124525,0.06845555120124525
2024-05-03,-0.008632833178546769,0.44514617631894116,0.6,0,0.0019203882307872178,0.0
2024-05-10,-0.0026347138063650436,0.46033076822638036,0.6,0,0.02300019643789364,0.0
2024-05-17,-0.0013532341978566256,0.44484021936707735,0.6,0,-0.02922803409003405,-0.0
2024-05-24,0.008511306386784094,0.5446969798614089,0.6,0,-0.00939273475897906,-0.0
2024-05-31,0.00873527059411289,0.5211464814289273,0.6,0,-0.018963490388141824,-0.0
2024-06-07,-0.004680135005241623,0.45934416176595433,0.6,0,0.03866011142774828,0.0
2024-06-14,0.009014746613840007,0.5663431916864766,0.6,0,0.029063180336331262,0.0
2024-06-21,0.0017940020662692725,0.5260878415395628,0.6,0,0.010033414157218479,0.0
2024-06-28,0.024979870900229427,0.7402809608786429,0.6,1,0.019867583129662858,0.019867583129662858
2024-07-05,0.017048448801614578,0.6397513883023622,0.6,1,-0.01142381596682851,-0.01142381596682851
2024-07-12,0.017404957298957684,0.6205656360581122,0.6,1,-0.02530108082007687,-0.02530108082007687
2024-07-19,0.013628742842179265,0.5669465114248042,0.6,0,-0.03706469104093113,-0.0
2024-07-26,0.008279637736341433,0.5160031414290227,0.6,0,-0.04717479064649721,-0.0
2024-08-02,0.004545841057468608,0.508822060458254,0.6,0,0.04515777810685373,0.0
2024-08-09,0.0027828075572892005,0.47632732423907576,0.6,0,-0.002472603085198588,-0.0
2024-08-16,0.010660153743561248,0.5545948432180383,0.6,0,-0.02374428778334392,-0.0
2024-08-23,0.006580801562893396,0.5067267938724183,0.6,0,-0.017105422263476,-0.0
2024-08-30,0.016261219348554623,0.5989073032979119,0.6,0,-0.0799456782982686,-0.0
2024-09-06,-0.006574489976904057,0.4708482671925227,0.6,0,0.014482095218724789,0.0
2024-09-13,0.004550801638797165,0.5228702614771915,0.6,0,0.04763287065381516,0.0
2024-09-20,0.012132292911603998,0.6030028453960797,0.6,1,-0.0520021963151891,-0.0520021963151891
2024-09-27,0.0020886606886865063,0.4996037027708373,0.6,0,0.09093571311954851,0.0
2024-10-04,0.004177972606572327,0.48091050848608563,0.6,0,0.01586448438758925,0.0
2024-10-11,-0.002183599070135829,0.5536870506817675,0.6,0,-0.0839067832549123,-0.0
2024-10-18,-0.026868320878634736,0.3729358594796378,0.6,-1,0.03698349484900154,-0.03698349484900154
2024-10-25,-0.010551027215974902,0.5005841513779229,0.6,0,-0.03190305035485508,-0.0
2024-11-01,-0.020113168026693273,0.43093894287609313,0.6,0,0.01280758982599517,0.0
2024-11-08,-0.009855073659740856,0.4605861486913522,0.6,0,-0.04774084599993911,-0.0
2024-11-15,-0.014055374603260982,0.46935649479593883,0.6,0,0.06296630009067172,0.0
2024-11-22,-0.0061829007643579735,0.5101670555435093,0.6,0,-0.04548003875526918,-0.0
2024-11-29,-0.009791950207837102,0.5070102616458918,0.6,0,-0.01176475076114425,-0.0
2024-12-06,-0.0073489856761437405,0.5040365806342753,0.6,0,0.0608631570390592,0.0
2024-12-13,-0.0009921097837962654,0.5553910011874265,0.6,0,-0.02566982476579127,-0.0
2024-12-20,0.002966369635582198,0.5512729599310726,0.6,0,0.016412315068735417,0.0
2024-12-27,0.006162760363437059,0.5783369016752676,0.6,0,0.04759207766248319,0.0
2025-01-03,0.011149340951130866,0.5556015822628406,0.6,0,0.03528935428150248,0.0
2025-01-10,0.014291485135303343,0.5727516703026766,0.6,0,0.017108496327737255,0.0
2025-01-17,0.015833025441582164,0.6117295722288348,0.6,1,-0.04134557915854675,-0.04134557915854675
2025-01-24,0.012189018797426133,0.5421916770920797,0.6,0,-0.0285293969774274,-0.0
2025-01-31,3.20419463444477e-05,0.4262841571104759,0.6,0,-0.021094702951154676,-0.0
2025-02-07,-0.0035191647369889906,0.41794524169694064,0.6,0,-0.0036620019187389996,-0.0
2025-02-14,-0.003800638630234355,0.3876273821665249,0.6,-1,-0.004806281427169212,0.004806281427169212
2025-02-21,0.0030571995290973575,0.4779647632155598,0.6,0,-0.009090900224102638,-0.0
2025-02-28,-0.006465009161672852,0.391916161578599,0.6,-1,-0.03899084199268488,0.03899084199268488
2025-03-07,0.01134674961099395,0.48039807822462277,0.6,0,0.002088296356452135,0.0
2025-03-14,0.01678998317337247,0.504059779011503,0.6,0,0.016373898022092437,0.0
2025-03-21,0.0205339647241135,0.5829636711615818,0.6,0,0.01581725029822567,0.0
2025-03-28,-0.00027543680747274795,0.44784452184517204,0.6,0,-0.10625719243123588,-0.0
2025-04-04,0.0011615785163620954,0.4548240156583662,0.6,0,-0.007904527588309618,-0.0
2025-04-11,0.010363233334920877,0.4393444914517332,0.6,0,0.05170732203537853,0.0
2025-04-18,0.0033401331121530133,0.4101130609399054,0.6,0,-0.025664808898884228,-0.0
2025-04-25,0.016104467084074883,0.491844823420951,0.6,0,-0.07505553011549715,-0.0
2025-05-02,0.025111742986712232,0.6112609106426077,0.6,1,0.046834782970626154,0.046834782970626154
2025-05-09,0.003311645824422624,0.47422014741225094,0.6,0,0.024090481967803612,0.0
2025-05-16,0.004115245936378823,0.49374966730777425,0.6,0,-0.015362503974787445,-0.0
2025-05-23,0.010798573619358522,0.5594122457861116,0.6,0,-0.012026619184957954,-0.0
2025-05-30,0.011916383168991792,0.6015949928469,0.6,1,0.06234579467754675,0.06234579467754675
2025-06-06,0.006624177606414879,0.6224054356222893,0.6,1,0.1300712494225973,0.1300712494225973
2025-06-13,0.010105991471651579,0.7244511485355065,0.6,1,0.02671960617355773,0.02671960617355773
2025-06-20,0.02011032223240813,0.7807864164561203,0.6,1,-0.12558392664866147,-0.12558392664866147
2025-06-27,0.023202893184609222,0.6940986543567705,0.6,1,0.014957316958857048,0.014957316958857048
2025-07-04,0.006809414761271565,0.5263475304928407,0.6,0,0.029323262379581827,0.0
2025-07-11,0.00465712189913502,0.48514139746301194,0.6,0,-0.01621622585594673,-0.0
2025-07-18,-0.00320348333481943,0.33598607792472945,0.6,-1,-0.03237292536879188,0.03237292536879188
2025-07-25,-0.0009282434990220906,0.3625274854527596,0.6,-1,0.0333026096836635,-0.0333026096836635
2025-08-01,0.0030787175070594763,0.4915742443222309,0.6,0,-0.051240170341837254,-0.0
2025-08-08,0.0014135513758468496,0.39944613496301296,0.6,-1,-0.016906728443900287,0.016906728443900287
2025-08-15,0.004583282509483999,0.42848730654184314,0.6,0,0.013694277401265387,0.0
2025-08-22,-0.0009029284248016608,0.3982834703746529,0.6,-1,0.005497993868320616,-0.005497993868320616
2025-08-29,-0.005892340810699935,0.35440399964102043,0.6,-1,-0.03343232515117245,0.03343232515117245
2025-09-05,0.004542714887531793,0.5408936640566675,0.6,0,0.013253591546477761,0.0
2025-09-12,0.010588607360956393,0.6656733658291514,0.6,1,-0.00015948830359269195,-0.00015948830359269195
2025-09-19,-0.008899259665079158,0.41571622613393466,0.6,0,0.04850033345127969,0.0
2025-09-26,-0.015642865554181345,0.39354483836693616,0.6,-1,-0.07364577088691826,0.07364577088691826
2025-10-03,-0.009455031148157898,0.35154137416842707,0.6,-1,-0.03252298796810171,0.03252298796810171
2025-10-10,-0.01035362768042457,0.33026662705266013,0.6,-1,-0.023089992786401226,0.023089992786401226
2025-10-17,-0.006495666905759401,0.34171093531094004,0.6,-1,0.0688216722534678,-0.0688216722534678
2025-10-24,-0.013029814615806367,0.3279032932984877,0.6,-1,-0.008455291996157244,0.008455291996157244
2025-10-31,-0.015833237052929175,0.3055882679216839,0.6,-1,-0.020170540365196277,0.020170540365196277
2025-11-07,-0.013225866880198583,0.3662211328692284,0.6,-1,0.0056903791228097855,-0.0056903791228097855
2025-11-14,-0.00682358683411173,0.4622189196956925,0.6,0,-0.033782638943951615,-0.0
2025-11-21,-0.00888801923013856,0.38028754101197443,0.6,-1,0.00843950830485074,-0.00843950830485074
2025-11-28,-0.013169010780972443,0.34579006282912716,0.6,-1,0.026131556173030424,-0.026131556173030424
2025-12-05,-0.013496507749266844,0.42193672426980233,0.6,0,-0.043941463446845574,-0.0
2025-12-12,-0.005749204993051568,0.45867754730385724,0.6,0,-0.013579366259493297,-0.0
2025-12-19,-0.00747747665346009,0.46359820366169746,0.6,0,0.0014119631357243367,0.0
2025-12-26,-0.016227234092790397,0.37830498939948776,0.6,-1,0.01022203029961366,-0.01022203029961366
2026-01-02,0.00264650389964414,0.3893070340206244,0.6,-1,0.03140263863649473,-0.03140263863649473
2026-01-09,-0.0018290149450070445,0.39861534862855896,0.6,-1,0.005412714827564669,-0.005412714827564669
2026-01-16,0.0015080459696757424,0.4795266036693514,0.6,0,0.027422629639543894,0.0
2026-01-23,-0.0005850481372922363,0.4840409871942848,0.6,0,0.06779104978445427,0.0
2026-01-30,-0.002124176890849678,0.47943107003721763,0.6,0,-0.025456216388866304,-0.0
2026-02-06,-0.0017849679126910665,0.4797964876150684,0.6,0,-0.010385520933684278,-0.0
2026-02-13,0.005826752912893423,0.5194975217163391,0.6,0,0.05565272752373551,0.0
2026-02-20,-0.014528284901145935,0.35245482860283145,0.6,-1,0.009489339647684947,-0.009489339647684947
2026-02-27,-0.0038530215801787053,0.43321429214703494,0.6,0,0.356311639494584,0.0
2026-03-06,-0.03353572896344686,0.49239016382834044,0.6,0,0.08591856355877248,0.0
2026-03-13,0.016973948698343587,0.7533532744573542,0.6,1,-0.003950961333863301,-0.003950961333863301
2026-03-20,0.012661430824278046,0.5353155189370817,0.6,0,0.013425546164782087,0.0
2026-03-27,0.013931907546109328,0.628063931573679,0.6,1,0.11942996385761906,0.11942996385761906
2026-04-03,-0.0005567634520272256,0.20683614107409073,0.6,-1,-0.1342119517467134,0.1342119517467134
2026-04-10,-0.0036733288662277167,0.22429517132361348,0.6,-1,-0.1317179378782256,0.1317179378782256
2026-04-17,-0.01612151711632648,0.29698727542061437,0.6,-1,0.1258199552026693,-0.1258199552026693
2026-04-24,-0.012421946967181996,0.3267110469751189,0.6,-1,0.07987288976325191,-0.07987288976325191
2026-05-01,-0.015214283753912842,0.23984939930851107,0.6,-1,-0.06395923206111875,0.06395923206111875
2026-05-08,0.0010320683156880635,0.36940193356242523,0.6,-1,0.10479983433131657,-0.10479983433131657
2026-05-15,0.0061473657706223785,0.5141190102896828,0.6,0,-0.0836653372037568,-0.0
2026-05-22,0.012970707535398265,0.5139360294705392,0.6,0,-0.09565215330976329,-0.0
