date,settle,inventory_change_mmbbl,managed_money_net_k,dollar_index
2006-06-16,69.87999725341797,1.385,9.698,98.9127
2006-06-23,70.87000274658203,-3.329,2.513,99.4216
2006-06-30,73.9800033569336,-2.421,26.533,98.2483
2006-07-07,74.08999633789062,-5.93,47.729,97.7508
2006-07-14,77.02999877929688,0.151,50.644,98.6814
2006-07-21,74.43000030517578,0.03,53.52,98.5221
2006-07-28,73.23999786376953,-1.774,36.441,98.0539
2006-08-04,74.76000213623047,-1.186,45.607,97.6005
2006-08-11,74.3499984741211,-1.607,55.005,97.7863
2006-08-18,71.13999938964844,-0.643,39.122,97.7577
2006-08-25,72.51000213623047,2.481,23.468,97.8827
2006-09-01,69.19000244140625,-2.104,23.317,97.5084
2006-09-08,66.25,-2.904,13.997,98.2119
2006-09-15,63.33000183105469,-2.848,12.545,98.2104
2006-09-22,60.54999923706055,-0.109,9.938,97.8667
2006-09-29,62.90999984741211,3.355,15.518,98.1054
2006-10-06,59.7599983215332,2.131,-0.295,98.5619
2006-10-13,58.56999969482422,5.02,5.067,98.8002
2006-10-20,56.81999969482422,-3.205,7.102,98.1629
2006-10-27,60.75,1.91,6.257,97.4914
2006-11-03,59.13999938964844,0.517,8.036,97.7209
2006-11-10,59.59000015258789,1.283,25.002,97.4638
2006-11-17,55.810001373291016,5.161,19.681,97.9855
2006-11-24,59.2400016784668,-0.36,17.29,97.0657
2006-12-01,63.43000030517578,-1.19,19.802,96.4585
2006-12-08,62.029998779296875,-4.295,40.431,96.6123
2006-12-15,63.43000030517578,-6.323,39.134,96.9857
2006-12-22,62.40999984741211,-8.132,36.18,97.1113
2006-12-29,61.04999923706055,-1.299,24.852,97.0312
2007-01-05,56.310001373291016,-5.749,7.044,97.7801
2007-01-12,52.9900016784668,6.768,1.515,97.921
2007-01-19,51.9900016784668,0.789,17.85,97.6868
2007-01-26,55.41999816894531,2.684,23.758,98.1491
2007-02-02,59.02000045776367,-0.518,29.722,97.9743
2007-02-09,59.88999938964844,-0.589,21.374,97.7076
2007-02-16,59.38999938964844,3.694,44.307,97.164
2007-02-23,61.13999938964844,1.421,34.477,97.1756
2007-03-02,61.63999938964844,-4.897,43.829,97.3691
2007-03-09,60.04999923706055,1.18,47.233,97.4559
2007-03-16,57.11000061035156,3.924,50.152,97.0407
2007-03-23,62.279998779296875,-0.846,29.161,96.5662
2007-03-30,65.87000274658203,4.307,43.103,96.3183
2007-04-06,64.27999877929688,0.832,66.019,96.2526
2007-04-13,63.630001068115234,-0.994,69.603,95.711
2007-04-20,63.380001068115234,2.074,56.3,95.1692
2007-04-27,66.45999908447266,1.169,46.008,95.0103
2007-05-04,61.93000030517578,5.472,52.136,94.9118
2007-05-11,62.369998931884766,1.061,33.156,95.0035
2007-05-18,64.94000244140625,1.969,10.881,94.6573
2007-05-25,65.19999694824219,-1.956,41.182,94.5022
2007-06-01,65.08000183105469,0.213,18.899,94.132
2007-06-08,64.76000213623047,0.082,42.892,94.7599
2007-06-15,68.0,6.902,49.586,94.6228
2007-06-22,69.13999938964844,1.562,79.699,94.4371
2007-06-29,70.68000030517578,3.151,68.267,94.1393
2007-07-06,72.80999755859375,-1.588,95.918,93.5759
2007-07-13,73.93000030517578,-0.449,113.46,93.0133
2007-07-20,75.56999969482422,-1.103,122.71,92.7179
2007-07-27,77.0199966430664,-6.497,130.199,93.5485
2007-08-03,75.4800033569336,-3.961,142.498,93.1039
2007-08-10,71.47000122070312,-5.167,105.987,93.5214
2007-08-17,71.9800033569336,1.89,72.104,94.319
2007-08-24,71.08999633789062,-3.486,56.051,93.6863
2007-08-31,74.04000091552734,-3.972,50.806,93.6674
2007-09-07,76.69999694824219,-7.013,78.076,93.2939
2007-09-14,79.0999984741211,-3.874,78.273,92.7083
2007-09-21,81.62000274658203,1.842,103.21,91.4854
2007-09-28,81.66000366210938,1.138,100.69,90.9446
2007-10-05,81.22000122070312,-1.809,111.098,90.7393
2007-10-12,83.69000244140625,1.784,108.969,90.5945
2007-10-19,88.5999984741211,-5.288,90.88,90.1014
2007-10-26,91.86000061035156,-3.894,89.044,89.6508
2007-11-02,95.93000030517578,-0.96,80.497,88.8924
2007-11-09,96.31999969482422,2.814,89.698,88.4615
2007-11-16,95.0999984741211,-1.071,82.765,89.3182
2007-11-23,98.18000030517578,-0.452,83.729,89.2384
2007-11-30,88.70999908447266,-7.913,77.275,89.6212
2007-12-07,88.27999877929688,-1.089,63.786,89.74
2007-12-14,91.2699966430664,-7.586,68.3,90.4345
2007-12-21,93.30999755859376,-3.299,65.263,90.3672
2007-12-28,96.0,-4.056,79.673,89.4069
2008-01-04,97.91000366210938,-6.504,87.405,89.2467
2008-01-11,92.69000244140624,4.259,88.349,89.5215
2008-01-18,90.56999969482422,2.297,81.535,89.8993
2008-01-25,90.70999908447266,3.555,56.81,89.2184
2008-02-01,88.95999908447266,6.868,49.116,88.4824
2008-02-08,91.7699966430664,1.066,45.631,89.2226
2008-02-15,95.5,4.204,67.647,88.9006
2008-02-22,98.80999755859376,3.231,81.212,88.7082
2008-02-29,101.83999633789062,-3.056,103.302,87.1654
2008-03-07,105.1500015258789,6.4,109.372,87.1258
2008-03-14,110.20999908447266,0.133,102.132,86.4301
2008-03-21,101.83999633789062,0.088,90.488,87.2111
2008-03-28,105.62000274658205,7.317,74.386,86.6369
2008-04-04,106.2300033569336,-3.207,61.659,86.5108
2008-04-11,110.13999938964844,-2.356,84.361,86.5029
2008-04-18,116.69000244140624,2.421,91.622,86.5277
2008-04-25,118.5199966430664,3.848,114.742,86.8337
2008-05-02,116.31999969482422,5.653,108.981,87.2311
2008-05-09,125.95999908447266,0.176,113.176,87.2528
2008-05-16,126.29000091552734,-5.317,103.848,86.7855
2008-05-23,132.19000244140625,-8.883,88.797,86.1922
2008-05-30,127.3499984741211,-4.802,77.381,86.5504
2008-06-06,138.5399932861328,-4.577,76.965,86.8028
2008-06-13,134.86000061035156,-1.242,73.521,87.7622
2008-06-20,134.6199951171875,0.803,58.077,86.9036
2008-06-27,140.2100067138672,-1.982,63.466,86.643
2008-07-04,145.2899932861328,-5.706,75.815,86.8781
2008-07-11,145.0800018310547,2.952,60.771,86.221
2008-07-18,128.8800048828125,-1.558,69.482,86.0735
2008-07-25,123.26000213623048,-0.081,55.147,86.3916
2008-08-01,125.0999984741211,1.498,62.997,86.8257
2008-08-08,115.1999969482422,-0.316,51.918,88.8939
2008-08-15,113.7699966430664,9.39,44.068,89.7244
2008-08-22,114.58999633789062,-0.177,42.733,89.2381
2008-08-29,115.45999908447266,-1.898,48.212,90.0567
2008-09-05,106.2300033569336,-5.88,38.85,91.341
2008-09-12,101.18000030517578,-6.328,16.805,91.4706
2008-09-19,104.5500030517578,-1.52,11.132,91.0014
2008-09-26,106.88999938964844,4.278,23.394,90.6872
2008-10-03,93.87999725341795,8.192,27.271,93.5414
2008-10-10,77.69999694824219,5.611,10.084,97.999
2008-10-17,71.8499984741211,3.182,2.115,97.7255
2008-10-24,64.1500015258789,0.493,-5.952,101.8442
2008-10-31,67.80999755859375,0.054,-10.76,99.7662
2008-11-07,61.040000915527344,-0.05,-21.254,99.3944
2008-11-14,57.040000915527344,1.599,-42.735,100.9705
2008-11-21,49.93000030517578,7.28,-13.962,103.6289
2008-11-28,54.43000030517578,-0.456,-12.524,101.6468
2008-12-05,40.810001373291016,0.352,-10.741,103.4902
2008-12-12,46.279998779296875,0.525,10.65,100.319
2008-12-19,33.869998931884766,-3.101,28.958,98.1278
2008-12-26,37.709999084472656,0.549,53.249,98.2594
2009-01-02,46.34000015258789,6.094,42.73,98.6008
2009-01-09,40.83000183105469,1.144,46.578,98.8752
2009-01-16,36.5099983215332,6.1,34.967,100.711
2009-01-23,46.470001220703125,6.218,48.928,102.1096
2009-01-30,41.68000030517578,7.17,50.032,102.1169
2009-02-06,40.16999816894531,4.619,45.08,101.7455
2009-02-13,37.5099983215332,-0.138,20.865,102.2958
2009-02-20,38.939998626708984,0.717,31.337,104.0244
2009-02-27,44.7599983215332,-0.757,22.059,104.9284
2009-03-06,45.52000045776367,0.515,2.123,105.3937
2009-03-13,46.25,1.942,20.488,104.1106
2009-03-20,51.060001373291016,3.302,47.721,101.0581
2009-03-27,52.380001068115234,2.844,52.228,101.8388
2009-04-03,52.5099983215332,1.416,33.404,100.6429
2009-04-10,52.2400016784668,5.671,44.946,100.7597
2009-04-17,50.33000183105469,3.857,35.795,100.5719
2009-04-24,51.54999923706055,4.053,9.34,100.0244
2009-05-01,53.20000076293945,0.954,22.221,100.0057
2009-05-08,58.630001068115234,-4.629,33.313,98.1269
2009-05-15,56.34000015258789,-2.105,56.373,98.1063
2009-05-22,61.66999816894531,-5.413,69.542,95.8788
2009-05-29,66.30999755859375,2.866,76.687,95.268
2009-06-05,68.44000244140625,-4.396,70.209,96.0412
2009-06-12,72.04000091552734,-3.874,80.06,95.836
2009-06-19,69.55000305175781,-3.868,59.684,96.0325
2009-06-26,69.16000366210938,-3.66,71.581,96.1935
2009-07-03,66.7300033569336,-2.701,76.924,96.3216
2009-07-10,59.88999938964844,-2.813,49.32,97.0819
2009-07-17,63.560001373291016,-1.796,46.443,95.6036
2009-07-24,68.05000305175781,5.152,36.409,94.7046
2009-07-31,69.44999694824219,1.67,46.724,94.2526
2009-08-07,70.93000030517578,2.696,85.363,94.4692
2009-08-14,67.51000213623047,-8.397,80.971,94.475
2009-08-21,73.88999938964844,0.128,65.789,94.0103
2009-08-28,72.73999786376953,-0.372,85.797,94.4489
2009-09-04,68.0199966430664,-5.806,62.004,94.5811
2009-09-11,69.29000091552734,-4.729,70.858,93.3225
2009-09-18,72.04000091552734,2.855,89.91,93.1233
2009-09-25,66.0199966430664,2.796,98.031,93.5535
2009-10-02,69.94999694824219,-1.134,60.002,93.6756
2009-10-09,71.7699966430664,0.334,88.715,92.2984
2009-10-16,78.52999877929688,1.312,111.317,91.6541
2009-10-23,80.5,0.778,130.712,91.7331
2009-10-30,77.0,-3.936,157.563,92.6207
2009-11-06,77.43000030517578,1.788,155.661,92.3848
2009-11-13,76.3499984741211,-0.887,134.224,91.5754
2009-11-20,76.72000122070312,1.019,147.978,91.9906
2009-11-27,76.05000305175781,2.091,114.973,91.5272
2009-12-04,75.47000122070312,-3.795,124.468,91.3806
2009-12-11,69.87000274658203,-3.689,101.743,92.2946
2009-12-18,73.36000061035156,-4.841,93.213,93.1632
2009-12-25,78.05000305175781,-1.538,109.056,92.8694
2010-01-01,79.36000061035156,-1.343,133.539,92.9124
2010-01-08,82.75,3.699,154.775,92.1485
2010-01-15,78.0,-0.471,175.619,91.7668
2010-01-22,74.54000091552734,-3.888,177.004,92.943
2010-01-29,72.88999938964844,2.317,133.155,93.7638
2010-02-05,71.19000244140625,2.294,121.074,94.6218
2010-02-12,74.12999725341797,3.085,88.821,93.9976
2010-02-19,79.80999755859375,3.034,120.441,93.9569
2010-02-26,79.66000366210938,4.034,132.504,93.6602
2010-03-05,81.5,1.47,144.058,93.2623
2010-03-12,81.23999786376953,1.012,159.4,92.6616
2010-03-19,80.68000030517578,7.245,170.419,93.0407
2010-03-26,80.0,2.929,157.575,93.6873
2010-04-02,84.87000274658203,2.146,169.478,92.9057
2010-04-09,84.91999816894531,-2.202,186.732,92.4772
2010-04-16,83.23999786376953,1.894,175.504,92.5253
2010-04-23,85.12000274658203,1.963,167.019,92.6622
2010-04-30,86.1500015258789,2.755,146.93,92.8423
2010-05-07,75.11000061035156,1.919,154.982,95.2952
2010-05-14,71.61000061035156,0.162,133.442,95.3746
2010-05-21,70.04000091552734,2.46,88.414,96.2911
2010-05-28,73.97000122070312,-1.902,75.856,96.3062
2010-06-04,71.51000213623047,-1.675,65.828,97.1688
2010-06-11,73.77999877929688,1.69,67.643,96.5616
2010-06-18,77.18000030517578,2.017,91.266,95.2981
2010-06-25,78.86000061035156,-2.007,79.033,95.4582
2010-07-02,72.13999938964844,-5.044,74.216,95.6345
2010-07-09,76.08999633789062,-5.058,55.116,94.683
2010-07-16,76.01000213623047,0.36,85.962,94.5061
2010-07-23,78.9800033569336,7.308,97.472,94.1431
2010-07-30,78.94999694824219,-2.784,107.716,93.2793
2010-08-06,80.69999694824219,-2.998,133.664,92.5915
2010-08-13,75.38999938964844,-0.818,128.902,94.0457
2010-08-20,73.45999908447266,4.108,108.874,94.2087
2010-08-27,75.16999816894531,3.425,73.475,94.3462
2010-09-03,74.5999984741211,-1.768,71.495,93.6952
2010-09-10,76.44999694824219,-2.489,77.545,93.6768
2010-09-17,73.66000366210938,0.97,113.76,92.9418
2010-09-24,76.48999786376953,-0.475,96.933,91.5996
2010-10-01,81.58000183105469,2.843,107.116,90.836
2010-10-08,82.66000366210938,-0.416,165.113,90.1133
2010-10-15,81.25,0.667,174.835,89.6815
2010-10-22,81.69000244140625,5.007,150.681,90.4063
2010-10-29,81.43000030517578,1.95,166.058,90.0935
2010-11-05,86.8499984741211,-3.545,177.752,89.2441
2010-11-12,84.87999725341797,-7.286,189.002,90.1701
2010-11-19,81.51000213623047,1.029,170.392,90.6986
2010-11-26,83.76000213623047,1.066,126.905,91.8152
2010-12-03,89.19000244140625,-4.134,152.065,90.8788
2010-12-10,87.79000091552734,-9.854,191.171,91.2831
2010-12-17,88.0199966430664,-5.333,193.048,91.5555
2010-12-24,91.51000213623048,-1.258,194.304,91.3013
2010-12-31,91.37999725341795,-4.161,202.221,90.5146
2011-01-07,88.02999877929688,-2.392,175.862,91.0001
2011-01-14,91.54000091552734,2.617,195.655,90.0461
2011-01-21,89.11000061035156,4.836,191.203,89.7204
2011-01-28,89.33999633789062,2.594,155.487,89.8189
2011-02-04,89.02999877929688,1.831,176.448,89.391
2011-02-11,85.58000183105469,0.86,178.432,89.8784
2011-02-18,86.19999694824219,0.822,163.67,89.1974
2011-02-25,97.87999725341795,-0.364,206.023,89.1664
2011-03-04,104.41999816894533,2.377,268.622,88.4898
2011-03-11,101.16000366210938,1.745,274.235,88.691
2011-03-18,101.06999969482422,2.131,251.38,88.5221
2011-03-25,105.4000015258789,2.945,252.218,88.1716
2011-04-01,107.94000244140624,1.616,261.759,87.7993
2011-04-08,112.79000091552734,1.627,267.539,87.1493
2011-04-15,109.66000366210938,-2.322,251.247,87.005
2011-04-22,112.29000091552734,6.156,259.011,86.3742
2011-04-29,113.93000030517578,3.421,263.236,85.5999
2011-05-06,97.18000030517578,3.632,258.668,86.4575
2011-05-13,99.6500015258789,-0.015,233.569,87.4176
2011-05-20,99.48999786376952,0.616,212.008,87.3044
2011-05-27,100.58999633789062,2.878,212.94,86.9525
2011-06-03,100.22000122070312,-4.632,205.827,86.4234
2011-06-10,99.29000091552734,-3.406,178.217,87.042
2011-06-17,93.01000213623048,-1.711,183.113,87.2179
2011-06-24,91.16000366210938,-4.375,162.19,87.5014
2011-07-01,94.94000244140624,-0.873,150.004,86.3613
2011-07-08,96.1999969482422,-3.124,159.641,86.615
2011-07-15,97.23999786376952,-3.727,162.288,86.5169
2011-07-22,99.87000274658205,2.296,171.39,85.8623
2011-07-29,95.6999969482422,0.95,180.013,85.7282
2011-08-05,86.87999725341797,-5.121,157.139,87.1084
2011-08-12,85.37999725341797,4.233,147.112,87.177
2011-08-19,82.26000213623047,-2.213,148.595,86.8286
2011-08-26,85.37000274658203,5.281,138.771,87.0751
2011-09-02,86.44999694824219,-3.961,155.728,87.1797
2011-09-09,87.23999786376953,-6.704,154.127,88.9514
2011-09-16,87.95999908447266,-7.336,168.798,89.1108
2011-09-23,79.8499984741211,1.915,152.875,91.6904
2011-09-30,79.19999694824219,-4.679,141.534,91.9998
2011-10-07,82.9800033569336,1.233,126.093,91.2469
2011-10-14,86.80000305175781,-4.729,147.448,90.2116
2011-10-21,87.4000015258789,4.735,158.521,90.279
2011-10-28,93.31999969482422,1.826,184.147,88.6382
2011-11-04,94.26000213623048,-1.588,179.845,90.3154
2011-11-11,98.98999786376952,-1.056,188.181,90.8588
2011-11-18,97.41000366210938,-6.219,191.796,91.3676
2011-11-25,96.7699966430664,3.932,166.033,93.1455
2011-12-02,100.95999908447266,1.149,173.395,91.3532
2011-12-09,99.41000366210938,-1.932,174.323,91.6122
2011-12-16,93.52999877929688,-10.57,174.381,92.8252
2011-12-23,99.68000030517578,3.899,151.304,92.3897
2011-12-30,98.83000183105467,2.209,165.505,92.4262
2012-01-06,101.55999755859376,1.825,170.031,92.7183
2012-01-13,98.6999969482422,-3.438,174.085,92.5385
2012-01-20,98.45999908447266,3.558,164.17,91.3661
2012-01-27,99.55999755859376,4.175,175.377,90.2559
2012-02-03,97.83999633789062,0.291,172.921,89.8491
2012-02-10,98.66999816894533,-0.171,173.469,90.1024
2012-02-17,103.23999786376952,1.633,202.222,90.23
2012-02-24,109.7699966430664,4.16,215.802,89.9104
2012-03-02,106.6999969482422,0.848,228.392,90.135
2012-03-09,107.4000015258789,1.75,209.535,90.4341
2012-03-16,107.05999755859376,-1.162,211.932,90.5245
2012-03-23,106.87000274658205,7.102,203.691,90.6156
2012-03-30,103.0199966430664,9.009,197.396,90.4593
2012-04-06,103.30999755859376,2.566,179.501,90.9375
2012-04-13,102.83000183105467,3.856,158.966,91.0558
2012-04-20,103.0500030517578,3.978,161.324,90.8066
2012-04-27,104.93000030517578,2.84,164.522,90.3269
2012-05-04,98.48999786376952,5.289,186.101,91.0497
2012-05-11,96.12999725341795,2.128,129.143,91.7306
2012-05-18,91.4800033569336,0.883,123.616,93.1395
2012-05-25,90.86000061035156,2.213,121.711,93.9488
2012-06-01,83.2300033569336,-1.763,126.238,94.6979
2012-06-08,84.0999984741211,-0.191,119.91,94.2024
2012-06-15,84.02999877929688,2.861,109.578,93.5203
2012-06-22,79.76000213623047,-0.133,101.548,93.9205
2012-06-29,84.95999908447266,-4.27,99.765,92.9096
2012-07-06,84.44999694824219,-4.855,113.898,93.7087
2012-07-13,87.0999984741211,-0.809,107.72,93.5515
2012-07-20,91.44000244140624,2.717,115.229,93.3653
2012-07-27,90.12999725341795,-6.522,124.133,92.9333
2012-08-03,91.4000015258789,-3.775,119.858,92.6048
2012-08-10,92.87000274658205,-3.699,150.77,92.5129
2012-08-17,96.01000213623048,-5.412,139.067,92.711
2012-08-24,96.1500015258789,3.778,161.88,92.2785
2012-08-31,96.47000122070312,-7.426,175.109,92.1677
2012-09-07,96.41999816894533,1.409,177.037,91.3469
2012-09-14,99.0,8.534,185.227,90.1436
2012-09-21,92.88999938964844,-2.446,192.474,90.5342
2012-09-28,92.19000244140624,-0.482,154.102,90.8342
2012-10-05,89.87999725341797,1.512,141.327,90.2851
2012-10-12,91.86000061035156,2.86,135.0,90.6833
2012-10-19,90.05000305175781,5.896,140.812,90.8107
2012-10-26,86.27999877929688,-2.045,112.939,91.1411
2012-11-02,84.86000061035156,1.547,97.963,91.281
2012-11-09,86.06999969482422,1.089,98.84,91.6871
2012-11-16,86.66999816894531,-1.466,79.207,92.0095
2012-11-23,88.27999877929688,-0.347,90.55,91.2616
2012-11-30,88.91000366210938,-2.357,98.216,91.1038
2012-12-07,85.93000030517578,0.14,112.197,91.0437
2012-12-14,86.7300033569336,-0.964,83.512,90.7156
2012-12-21,88.66000366210938,-0.586,103.023,90.9597
2012-12-28,90.8000030517578,-11.12,117.481,91.0419
2013-01-04,93.08999633789062,0.892,136.473,91.1025
2013-01-11,93.55999755859376,-0.951,161.164,90.5352
2013-01-18,95.55999755859376,2.813,172.686,90.8697
2013-01-25,95.87999725341795,5.947,197.408,91.0868
2013-02-01,97.7699966430664,2.334,207.054,90.6923
2013-02-08,95.72000122070312,0.56,201.833,91.3056
2013-02-15,95.86000061035156,4.143,209.565,91.4551
2013-02-22,93.12999725341795,1.13,181.536,92.1197
2013-03-01,90.68000030517578,3.736,150.425,92.6177
2013-03-08,91.9499969482422,2.624,143.03,92.6252
2013-03-15,93.4499969482422,-1.314,145.029,92.128
2013-03-22,93.70999908447266,3.256,150.313,92.2051
2013-03-29,97.2300033569336,2.707,175.874,92.302
2013-04-05,92.6999969482422,-0.118,180.796,92.1043
2013-04-12,91.29000091552734,-1.233,171.631,91.7967
2013-04-19,88.01000213623047,0.947,160.662,92.2166
2013-04-26,93.0,6.696,163.696,91.9012
2013-05-03,95.61000061035156,0.371,172.115,91.5087
2013-05-10,96.04000091552734,-0.624,187.39,92.2527
2013-05-17,96.0199966430664,-0.338,195.08,93.1617
2013-05-24,94.1500015258789,3.0,213.749,93.2768
2013-05-31,91.97000122070312,-6.267,202.796,93.6076
2013-06-07,96.02999877929688,2.629,199.735,92.6056
2013-06-14,97.8499984741211,0.313,215.957,92.1886
2013-06-21,93.69000244140624,0.018,241.454,94.4243
2013-06-28,96.55999755859376,-10.347,221.089,94.3047
2013-07-05,103.22000122070312,-9.737,243.879,95.0639
2013-07-12,105.9499969482422,-6.902,256.824,94.0029
2013-07-19,108.0500030517578,-2.825,275.822,93.4759
2013-07-26,104.6999969482422,0.431,305.844,93.1695
2013-08-02,106.94000244140624,-1.431,300.993,93.5789
2013-08-09,105.97000122070312,-2.812,286.291,92.8394
2013-08-16,107.45999908447266,-1.428,275.059,93.4255
2013-08-23,106.41999816894533,2.986,269.322,93.9466
2013-08-30,107.6500015258789,-1.836,273.887,94.7541
2013-09-06,110.52999877929688,-0.618,262.018,94.2487
2013-09-13,108.20999908447266,-4.368,247.784,93.6666
2013-09-20,104.68000030517578,2.635,245.409,92.6049
2013-09-27,102.87000274658205,5.472,243.711,92.9747
2013-10-04,103.83999633789062,6.744,225.134,92.6469
2013-10-11,102.0199966430664,3.999,222.423,92.854
2013-10-18,100.80999755859376,5.246,218.517,91.9989
2013-10-25,97.8499984741211,4.087,229.257,92.1623
2013-11-01,94.61000061035156,1.189,222.999,93.155
2013-11-08,94.5999984741211,2.64,217.541,93.6619
2013-11-15,93.83999633789062,0.375,210.253,93.2854
2013-11-22,94.83999633789062,2.953,224.176,93.4198
2013-11-29,92.72000122070312,-5.585,217.694,93.6291
2013-12-06,97.6500015258789,-11.004,234.071,93.4045
2013-12-13,96.5999984741211,-2.941,240.828,93.3568
2013-12-20,99.31999969482422,-4.731,242.905,93.7211
2013-12-27,100.31999969482422,-7.007,255.588,93.7018
2014-01-03,93.95999908447266,-3.958,262.359,93.853
2014-01-10,92.72000122070312,-7.658,240.668,94.0045
2014-01-17,94.37000274658205,0.99,221.375,94.5846
2014-01-24,96.63999938964844,6.421,221.93,94.8555
2014-01-31,97.48999786376952,0.44,250.303,95.1774
2014-02-07,99.87999725341795,3.053,269.712,94.7457
2014-02-14,100.3000030517578,0.973,292.058,94.2711
2014-02-21,102.1999969482422,0.068,323.772,94.6571
2014-02-28,102.58999633789062,1.429,329.129,94.3879
2014-03-07,102.58000183105467,5.88,339.278,94.2532
2014-03-14,98.88999938964844,5.85,326.589,94.243
2014-03-21,99.45999908447266,6.619,290.221,94.8547
2014-03-28,101.66999816894533,-2.379,282.636,94.3683
2014-04-04,101.13999938964844,3.918,293.765,94.2191
2014-04-11,103.73999786376952,10.013,319.895,93.6395
2014-04-18,104.3000030517578,3.524,331.375,93.9629
2014-04-25,100.5999984741211,1.698,322.788,94.1623
2014-05-02,99.76000213623048,-1.572,320.305,93.8182
2014-05-09,99.98999786376952,0.947,292.654,93.6614
2014-05-16,102.0199966430664,-7.226,296.627,93.6073
2014-05-23,104.3499984741211,1.657,311.892,93.7042
2014-05-30,102.70999908447266,-3.431,335.526,93.7606
2014-06-06,102.66000366210938,-2.73,336.164,93.9069
2014-06-13,106.91000366210938,-0.579,329.396,93.9168
2014-06-20,107.26000213623048,1.742,332.282,93.7591
2014-06-27,105.73999786376952,-3.155,322.988,93.3983
2014-07-04,104.05999755859376,-2.407,311.395,93.3149
2014-07-11,100.83000183105467,-7.525,295.308,93.4171
2014-07-18,103.12999725341795,-3.969,263.941,93.6608
2014-07-25,102.08999633789062,-3.697,261.27,93.8294
2014-08-01,97.87999725341795,-1.464,265.5,94.4754
2014-08-08,97.6500015258789,1.401,237.094,94.6027
2014-08-15,97.3499984741211,-4.474,218.475,94.2941
2014-08-22,93.6500015258789,-2.07,196.693,94.8012
2014-08-29,95.95999908447266,-0.905,195.742,94.7251
2014-09-05,93.29000091552734,-0.691,182.206,95.2203
2014-09-12,92.2699966430664,3.673,198.162,96.0748
2014-09-19,92.41000366210938,-4.273,208.75,96.3417
2014-09-26,93.54000091552734,-1.363,194.069,97.208
2014-10-03,89.73999786376953,4.915,207.954,97.9846
2014-10-10,85.81999969482422,8.923,199.97,97.4144
2014-10-17,82.75,7.111,202.186,97.3067
2014-10-24,81.01000213623047,2.061,211.357,97.4772
2014-10-31,80.54000091552734,0.46,205.734,98.1163
2014-11-07,78.6500015258789,-2.785,192.671,99.0236
2014-11-14,75.81999969482422,2.608,203.264,99.0917
2014-11-21,76.51000213623047,1.946,182.375,99.2894
2014-11-28,66.1500015258789,-3.689,168.388,100.0719
2014-12-05,65.83999633789062,1.298,197.643,101.0989
2014-12-12,57.810001373291016,-0.847,202.921,101.3735
2014-12-19,56.52000045776367,7.267,215.139,102.0483
2014-12-26,54.72999954223633,-1.754,200.896,102.3028
2015-01-02,52.689998626708984,-4.173,194.484,102.9027
2015-01-09,48.36000061035156,5.389,188.251,103.1213
2015-01-16,48.689998626708984,10.071,204.795,103.2189
2015-01-23,45.59000015258789,8.874,205.706,104.3676
2015-01-30,48.2400016784668,6.333,203.744,105.5884
2015-02-06,51.689998626708984,4.327,193.444,105.1283
2015-02-13,52.779998779296875,7.716,195.046,104.8452
2015-02-20,50.34000015258789,8.427,208.558,105.3387
2015-02-27,49.7599983215332,10.303,198.427,105.5981
2015-03-06,49.61000061035156,5.179,164.194,107.4337
2015-03-13,44.84000015258789,9.622,160.285,108.9174
2015-03-20,45.720001220703125,8.17,144.496,107.1671
2015-03-27,48.869998931884766,4.766,141.964,106.8916
2015-04-03,49.13999938964844,11.679,175.453,105.8861
2015-04-10,51.63999938964844,1.294,216.421,107.4526
2015-04-17,55.7400016784668,5.315,238.556,106.329
2015-04-24,57.150001525878906,1.91,259.286,105.905
2015-05-01,59.150001525878906,-4.102,257.353,105.6382
2015-05-08,59.38999938964844,-2.191,266.31,104.8424
2015-05-15,59.689998626708984,-2.674,263.032,104.0202
2015-05-22,59.720001220703125,-2.802,250.573,105.8487
2015-05-29,60.29999923706055,-1.948,251.015,106.7388
2015-06-05,59.130001068115234,-6.017,244.522,107.1336
2015-06-12,59.959999084472656,-2.676,236.618,105.9015
2015-06-19,59.61000061035156,-4.934,239.044,105.4496
2015-06-26,59.630001068115234,2.386,235.807,106.4116
2015-07-03,56.93000030517578,0.491,221.052,106.9106
2015-07-10,52.7400016784668,-4.346,181.03,107.213
2015-07-17,50.88999938964844,2.468,147.349,108.5374
2015-07-24,48.13999938964844,-4.203,114.187,109.0174
2015-07-31,47.119998931884766,-4.407,106.466,108.7819
2015-08-07,43.869998931884766,-1.404,115.972,109.4376
2015-08-14,42.5,2.62,100.132,109.9174
2015-08-21,40.45000076293945,-5.452,82.554,110.1443
2015-08-28,45.220001220703125,4.667,89.234,110.6714
2015-09-04,46.04999923706055,2.405,110.19,111.1018
2015-09-11,44.630001068115234,-2.104,130.08,110.6109
2015-09-18,44.68000030517578,-1.925,144.287,109.8165
2015-09-25,45.70000076293945,3.955,163.841,111.3725
2015-10-02,45.540000915527344,3.04,150.39,110.7006
2015-10-09,49.630001068115234,7.562,173.467,109.0782
2015-10-16,47.2599983215332,8.028,182.342,108.9956
2015-10-23,44.599998474121094,3.376,159.793,110.4329
2015-10-30,46.59000015258789,2.847,139.172,110.2079
2015-11-06,44.290000915527344,3.981,165.718,111.7603
2015-11-13,40.7400016784668,0.252,138.597,112.0264
2015-11-20,40.38999938964844,0.961,109.958,111.7799
2015-11-27,41.709999084472656,1.177,85.108,112.2824
2015-12-04,39.970001220703125,-3.659,79.252,111.5463
2015-12-11,35.619998931884766,4.801,74.253,112.7147
2015-12-18,34.72999954223633,-5.877,79.408,113.2837
2015-12-25,38.099998474121094,2.629,62.057,113.0496
2016-01-01,37.040000915527344,-4.15,73.751,113.3429
2016-01-08,33.15999984741211,0.234,49.436,115.0095
2016-01-15,29.420000076293945,3.979,36.372,115.7404
2016-01-22,32.189998626708984,8.383,56.663,115.9833
2016-01-29,33.619998931884766,7.792,77.084,115.5731
2016-02-05,30.88999938964844,-0.668,66.27,114.2935
2016-02-12,29.440000534057617,2.147,72.403,114.2992
2016-02-19,29.63999938964844,3.502,57.861,113.9558
2016-02-26,32.779998779296875,10.374,102.252,114.3708
2016-03-04,35.91999816894531,4.144,124.411,112.6387
2016-03-11,38.5,1.317,165.251,111.741
2016-03-18,39.439998626708984,9.357,194.945,110.4002
2016-03-25,39.459999084472656,2.299,226.086,111.7698
2016-04-01,36.790000915527344,-5.218,209.182,110.2977
2016-04-08,39.720001220703125,6.634,176.508,110.4213
2016-04-15,40.36000061035156,2.08,201.02,110.1933
2016-04-22,43.72999954223633,1.999,221.871,110.2331
2016-04-29,45.91999816894531,2.784,223.467,108.8274
2016-05-06,44.65999984741211,-3.608,212.757,110.3801
2016-05-13,46.209999084472656,1.31,191.731,111.2521
2016-05-20,47.75,-4.226,221.826,112.1822
2016-05-27,49.33000183105469,-1.366,210.985,112.0822
2016-06-03,48.619998931884766,-2.361,210.646,111.4451
2016-06-10,49.06999969482422,-0.933,192.591,111.1027
2016-06-17,47.97999954223633,-0.917,152.698,111.5332
2016-06-24,47.63999938964844,-4.053,180.976,112.1355
2016-07-01,48.9900016784668,-2.223,152.611,111.6509
2016-07-08,45.40999984741211,-2.546,145.365,112.3963
2016-07-15,45.95000076293945,-2.342,154.529,112.2833
2016-07-22,44.189998626708984,1.671,136.086,112.989
2016-07-29,41.599998474121094,1.413,100.607,111.874
2016-08-05,41.79999923706055,1.055,64.691,112.3589
2016-08-12,44.4900016784668,-2.508,74.984,111.1787
2016-08-19,48.52000045776367,2.501,133.577,110.8163
2016-08-26,47.63999938964844,2.276,220.106,111.2035
2016-09-02,44.439998626708984,-14.513,195.716,112.0009
2016-09-09,45.880001068115234,-0.559,148.352,111.9879
2016-09-16,43.029998779296875,-6.2,170.395,113.1765
2016-09-23,44.47999954223633,-1.882,128.554,112.7166
2016-09-30,48.2400016784668,-2.976,154.939,112.2795
2016-10-07,49.810001373291016,4.85,222.831,113.2915
2016-10-14,50.349998474121094,-5.247,254.375,113.7119
2016-10-21,50.849998474121094,-0.553,264.486,113.9015
2016-10-28,48.70000076293945,14.42,244.625,114.0931
2016-11-04,44.06999969482422,2.432,211.409,113.5828
2016-11-11,44.65999984741211,5.274,130.892,115.9375
2016-11-18,45.689998626708984,-1.255,123.893,117.5936
2016-11-25,46.060001373291016,-0.884,154.821,118.02
2016-12-02,51.68000030517578,-2.389,158.68,117.3116
2016-12-09,51.5,-2.563,242.525,117.2834
2016-12-16,51.900001525878906,2.256,274.757,118.3584
2016-12-23,53.02000045776367,0.614,283.753,118.7856
2016-12-30,53.720001220703125,-7.051,285.239,118.3466
2017-01-06,53.9900016784668,4.097,279.697,118.3495
2017-01-13,52.369998931884766,2.347,278.36,117.9884
2017-01-20,52.41999816894531,2.84,343.415,118.3182
2017-01-27,53.16999816894531,6.466,366.821,117.0735
2017-02-03,53.83000183105469,13.83,374.464,115.6259
2017-02-10,53.86000061035156,9.527,352.023,116.148
2017-02-17,53.400001525878906,0.564,383.532,116.4035
2017-02-24,53.9900016784668,1.501,405.328,115.8143
2017-03-03,53.33000183105469,8.209,368.602,116.6438
2017-03-10,48.4900016784668,-0.237,357.178,116.616
2017-03-17,48.779998779296875,4.954,254.82,115.2783
2017-03-24,47.970001220703125,0.867,233.399,114.6372
2017-03-31,50.599998474121094,1.566,210.245,114.7938
2017-04-07,52.2400016784668,-2.166,227.992,115.0547
2017-04-14,53.18000030517578,-1.034,277.021,114.5368
2017-04-21,49.619998931884766,-3.641,293.105,114.8128
2017-04-28,49.33000183105469,-0.93,220.95,114.7877
2017-05-05,46.220001220703125,-5.247,163.005,114.7725
2017-05-12,47.84000015258789,-1.753,115.851,114.7479
2017-05-19,50.33000183105469,-4.432,115.56,113.7001
2017-05-26,49.79999923706055,-6.428,172.744,113.4839
2017-06-02,47.65999984741211,3.295,185.196,113.1908
2017-06-09,45.83000183105469,-1.661,201.59,112.9562
2017-06-16,44.7400016784668,-2.451,168.627,112.6155
2017-06-23,43.0099983215332,0.118,110.749,112.8665
2017-06-30,46.040000915527344,-6.299,105.983,111.9896
2017-07-07,44.22999954223633,-7.564,127.968,112.3137
2017-07-14,46.540000915527344,-4.727,157.255,110.9075
2017-07-21,45.77000045776367,-7.208,209.341,110.191
2017-07-28,49.709999084472656,-1.527,236.86,109.92
2017-08-04,49.58000183105469,-6.451,289.879,110.2808
2017-08-11,48.81999969482422,-8.945,285.264,110.0422
2017-08-18,48.5099983215332,-3.327,269.297,110.041
2017-08-25,47.869998931884766,-5.392,252.295,109.3415
2017-09-01,47.290000915527344,4.58,138.559,109.0504
2017-09-08,47.47999954223633,5.888,169.675,107.808
2017-09-15,49.88999938964844,4.591,154.078,108.3147
2017-09-22,50.65999984741211,-1.846,208.459,108.7542
2017-09-29,51.66999816894531,-6.023,261.107,110.0867
2017-10-06,49.290000915527344,-2.747,250.173,110.7841
2017-10-13,51.45000076293945,-5.731,238.624,110.2669
2017-10-20,51.470001220703125,0.856,222.134,111.0375
2017-10-27,53.900001525878906,-2.435,239.964,112.1495
2017-11-03,55.63999938964844,2.237,295.232,111.9383
2017-11-10,56.7400016784668,1.854,340.269,111.5626
2017-11-17,56.54999923706055,-1.855,372.239,111.0016
2017-11-24,58.95000076293945,-3.429,339.492,110.0253
2017-12-01,58.36000061035156,-5.61,398.106,110.1413
2017-12-08,57.36000061035156,-5.117,395.08,111.2273
2017-12-15,57.29999923706055,-6.495,390.146,111.1286
2017-12-22,58.470001220703125,-4.609,375.625,111.0997
2017-12-29,60.41999816894531,-7.419,404.238,110.0783
2018-01-05,61.439998626708984,-4.948,389.136,109.3496
2018-01-12,64.30000305175781,-6.861,432.65,108.901
2018-01-19,63.369998931884766,-1.071,483.829,107.9455
2018-01-26,66.13999938964844,6.776,478.557,106.6911
2018-02-02,65.44999694824219,1.895,482.78,107.1151
2018-02-09,59.20000076293945,1.841,467.783,108.2582
2018-02-16,61.68000030517578,-1.616,448.4,107.0359
2018-02-23,63.54999923706055,3.019,437.931,107.6804
2018-03-02,61.25,2.408,460.337,108.5358
2018-03-09,62.040000915527344,5.022,441.124,107.923
2018-03-16,62.34000015258789,-2.622,425.007,108.4332
2018-03-23,65.87999725341797,1.643,456.228,107.7495
2018-03-30,64.94000244140625,-4.617,463.424,107.4784
2018-04-06,62.060001373291016,3.306,421.064,107.7886
2018-04-13,67.38999938964844,-1.071,416.802,107.2368
2018-04-20,68.37999725341797,2.17,431.557,108.1787
2018-04-27,68.0999984741211,6.218,424.596,109.1735
2018-05-04,69.72000122070312,-2.197,406.101,110.25
2018-05-11,70.69999694824219,-1.404,403.121,110.2847
2018-05-18,71.27999877929688,5.778,377.456,111.7171
2018-05-25,67.87999725341797,-3.62,354.281,111.5843
2018-06-01,65.80999755859375,2.072,300.987,111.8265
2018-06-08,65.73999786376953,-4.143,286.176,112.1066
2018-06-15,65.05999755859375,-5.914,290.467,113.3379
2018-06-22,68.58000183105469,-9.891,295.863,113.3047
2018-06-29,74.1500015258789,1.245,378.871,113.2586
2018-07-06,73.80000305175781,-12.633,430.828,112.6428
2018-07-13,71.01000213623047,5.836,429.716,113.0705
2018-07-20,70.45999908447266,-6.147,390.762,113.3213
2018-07-27,68.69000244140625,3.803,383.645,112.8125
2018-08-03,68.48999786376953,-1.351,384.445,113.012
2018-08-10,67.62999725341797,6.805,379.245,114.3005
2018-08-17,65.91000366210938,-5.836,332.508,114.5339
2018-08-24,68.72000122070312,-2.566,331.66,113.5985
2018-08-31,69.80000305175781,-4.302,358.237,114.2755
2018-09-07,67.75,-5.296,377.741,114.5816
2018-09-14,68.98999786376953,-2.057,348.568,114.0657
2018-09-21,70.77999877929688,1.852,326.757,113.5099
2018-09-28,73.25,7.975,333.641,113.8077
2018-10-05,74.33999633789062,5.987,329.499,114.561
2018-10-12,71.33999633789062,6.49,296.677,114.3691
2018-10-19,69.12000274658203,6.346,249.552,114.8567
2018-10-26,67.58999633789062,3.217,199.449,115.473
2018-11-02,63.13999938964844,5.783,186.51,115.643
2018-11-09,60.189998626708984,10.27,148.169,116.4778
2018-11-16,56.459999084472656,4.851,135.681,115.9258
2018-11-23,50.41999816894531,3.577,132.95,116.4713
2018-11-30,50.93000030517578,-7.323,128.444,116.413
2018-12-07,52.61000061035156,-1.208,103.98,116.0847
2018-12-14,51.20000076293945,-0.497,94.64,116.79
2018-12-21,45.59000015258789,-0.046,67.296,116.2227
2018-12-28,45.33000183105469,0.007,76.21,115.7232
2019-01-04,47.959999084472656,-1.68,78.117,114.9821
2019-01-11,51.59000015258789,-2.683,59.699,114.0404
2019-01-18,53.79999923706055,7.97,96.462,114.558
2019-01-25,53.689998626708984,0.919,125.231,114.0197
2019-02-01,55.2599983215332,1.263,153.642,113.7548
2019-02-08,52.720001220703125,3.633,148.005,114.5003
2019-02-15,55.59000015258789,3.672,136.383,114.9923
2019-02-22,57.2599983215332,-8.647,143.449,114.2716
2019-03-01,55.79999923706055,7.069,147.914,114.537
2019-03-08,56.06999969482422,-3.862,176.067,115.3599
2019-03-15,58.52000045776367,-9.589,183.808,114.5815
2019-03-22,59.040000915527344,2.8,238.665,114.6856
2019-03-29,60.13999938964844,7.238,267.051,115.1371
2019-04-05,63.08000183105469,7.029,285.702,114.9726
2019-04-12,63.88999938964844,-1.396,320.058,114.3531
2019-04-19,64.0,5.479,320.048,114.6977
2019-04-26,63.29999923706055,9.934,330.396,115.4767
2019-05-03,61.939998626708984,-3.963,315.998,115.2646
2019-05-10,61.65999984741211,5.431,281.128,115.5334
2019-05-17,62.7599983215332,4.74,264.539,116.448
2019-05-24,58.630001068115234,-0.282,238.734,116.0806
2019-05-31,53.5,6.771,201.307,116.7273
2019-06-07,53.9900016784668,2.206,170.376,115.7368
2019-06-14,52.5099983215332,-3.106,118.401,115.9057
2019-06-21,57.43000030517578,-12.788,152.679,114.8377
2019-06-28,58.470001220703125,-1.085,161.211,114.5821
2019-07-05,57.5099983215332,-9.499,173.609,115.1132
2019-07-12,60.209999084472656,-3.116,177.037,114.7685
2019-07-19,55.630001068115234,-10.835,219.643,114.8695
2019-07-26,56.20000076293945,-8.496,178.724,115.5449
2019-08-02,55.65999984741211,2.385,180.62,116.1864
2019-08-09,54.5,1.58,178.649,116.4419
2019-08-16,54.869998931884766,-2.732,210.389,117.0786
2019-08-23,54.16999816894531,-10.027,220.432,117.3009
2019-08-30,55.099998474121094,-4.771,193.681,118.1575
2019-09-06,56.52000045776367,-6.912,179.596,117.1292
2019-09-13,54.849998474121094,1.058,220.488,116.7677
2019-09-20,58.09000015258789,2.412,226.814,117.1819
2019-09-27,55.90999984741211,3.104,208.712,117.7218
2019-10-04,52.810001373291016,2.927,141.223,117.5288
2019-10-11,54.70000076293945,9.281,97.063,116.8239
2019-10-18,53.779998779296875,-1.699,90.462,116.1344
2019-10-25,56.65999984741211,5.702,99.852,116.0774
2019-11-01,56.20000076293945,7.929,111.453,115.7312
2019-11-08,57.2400016784668,2.219,130.202,116.3436
2019-11-15,57.720001220703125,1.379,163.519,116.4401
2019-11-22,57.77000045776367,1.572,138.07,116.9137
2019-11-29,55.16999816894531,-4.856,209.187,117.1204
2019-12-06,59.20000076293945,0.822,151.189,116.5381
2019-12-13,60.06999969482422,-1.085,241.017,115.6967
2019-12-20,60.439998626708984,-5.474,285.329,115.7598
2019-12-27,61.720001220703125,-11.463,293.72,115.22
2020-01-03,63.04999923706055,1.164,300.778,114.9867
2020-01-10,59.040000915527344,-2.549,310.527,115.0677
2020-01-17,58.540000915527344,-0.405,237.049,115.0656
2020-01-24,54.189998626708984,3.548,243.696,115.5556
2020-01-31,51.560001373291016,3.355,178.459,115.7345
2020-02-07,50.31999969482422,7.459,126.709,116.5086
2020-02-14,52.04999923706055,0.415,112.393,116.4223
2020-02-21,53.380001068115234,0.452,105.323,117.0473
2020-02-28,44.7599983215332,0.784,134.431,117.6568
2020-03-06,41.279998779296875,7.664,110.488,116.7106
2020-03-13,31.729999542236328,1.954,146.784,120.4388
2020-03-20,22.43000030517578,1.623,158.167,124.9362
2020-03-27,21.510000228881836,13.833,165.06,122.4007
2020-04-03,28.34000015258789,15.177,166.202,124.4152
2020-04-10,22.760000228881836,19.248,180.323,122.1592
2020-04-17,18.270000457763672,15.022,195.355,122.871
2020-04-24,16.940000534057617,8.991,247.478,124.1615
2020-05-01,19.780000686645508,4.59,318.366,123.1492
2020-05-08,24.739999771118164,-0.745,328.601,122.5379
2020-05-15,29.43000030517578,-4.982,351.685,123.5991
2020-05-22,33.25,7.928,360.183,122.3211
2020-05-29,35.4900016784668,-2.077,374.81,120.9458
2020-06-05,39.54999923706055,5.72,394.131,118.8138
2020-06-12,36.2599983215332,1.215,397.549,119.6645
2020-06-19,39.75,1.442,373.061,120.2186
2020-06-26,38.4900016784668,-7.195,370.088,120.533
2020-07-03,40.650001525878906,5.654,374.867,119.8555
2020-07-10,40.54999923706055,-7.493,361.008,119.3509
2020-07-17,40.59000015258789,4.892,359.989,119.124
2020-07-24,41.290000915527344,-10.611,370.122,118.1329
2020-07-31,40.27000045776367,-7.373,351.776,117.2082
2020-08-07,41.220001220703125,-4.512,362.193,117.6239
2020-08-14,42.0099983215332,-1.632,347.996,116.9395
2020-08-21,42.34000015258789,-4.689,336.736,117.0572
2020-08-28,42.970001220703125,-9.362,331.785,115.9374
2020-09-04,39.77000045776367,2.033,329.588,116.0347
2020-09-11,37.33000183105469,-4.389,261.119,116.0866
2020-09-18,41.11000061035156,-1.639,291.866,115.2395
2020-09-25,40.25,-1.98,323.216,117.8679
2020-10-02,37.04999923706055,0.501,302.458,116.7321
2020-10-09,40.599998474121094,-3.818,306.695,115.2757
2020-10-16,40.880001068115234,-1.002,298.039,115.7679
2020-10-23,39.849998474121094,4.32,337.537,115.0126
2020-10-30,35.790000915527344,-7.998,300.339,116.1354
2020-11-06,37.13999938964844,4.277,263.439,113.9919
2020-11-13,40.130001068115234,0.769,294.341,114.2397
2020-11-20,42.150001525878906,-0.754,299.828,113.489
2020-11-27,45.529998779296875,-0.679,330.102,113.1823
2020-12-04,46.2599983215332,15.189,338.534,111.7778
2020-12-11,46.56999969482422,-3.135,339.362,112.1417
2020-12-18,49.099998474121094,-0.562,345.617,111.6071
2020-12-25,48.22999954223633,-6.065,335.769,111.9807
2021-01-01,48.52000045776367,-8.01,332.363,111.3169
2021-01-08,52.2400016784668,-3.248,331.199,111.2847
2021-01-15,52.36000061035156,4.352,348.044,111.5106
2021-01-22,52.27000045776367,-9.91,344.709,111.5516
2021-01-29,52.20000076293945,-0.994,336.241,111.9511
2021-02-05,56.849998474121094,-6.645,345.233,112.2379
2021-02-12,59.470001220703125,-7.257,369.481,111.4889
2021-02-19,59.2400016784668,1.285,378.972,111.7058
2021-02-26,61.5,21.563,364.23,112.8306
2021-03-05,66.08999633789062,13.798,363.391,113.7487
2021-03-12,65.61000061035156,2.396,364.146,113.0269
2021-03-19,61.41999816894531,1.912,362.433,112.9756
2021-03-26,60.970001220703125,-0.876,353.364,113.7406
2021-04-02,61.45000076293945,-3.522,355.918,113.7315
2021-04-09,59.31999969482422,-5.89,334.393,113.2028
2021-04-16,63.130001068115234,0.594,343.591,112.4814
2021-04-23,62.13999938964844,0.09,337.741,112.0889
2021-04-30,63.58000183105469,-7.99,344.937,112.0839
2021-05-07,64.9000015258789,-0.426,355.316,111.0249
2021-05-14,65.37000274658203,1.32,331.02,111.1353
2021-05-21,63.58000183105469,-1.662,314.834,111.0576
2021-05-28,66.31999969482422,-5.079,326.274,110.7576
2021-06-04,69.62000274658203,-5.241,346.046,110.7521
2021-06-11,70.91000366210938,-7.355,371.409,111.0933
2021-06-18,71.63999938964844,-7.614,382.611,113.0408
2021-06-25,74.05000305175781,-6.718,374.397,111.9655
2021-07-02,75.16000366210938,-6.866,356.103,112.5425
2021-07-09,74.55999755859375,-7.896,325.879,112.8375
2021-07-16,71.80999755859375,2.107,328.943,113.0428
2021-07-23,72.06999969482422,-4.089,280.351,113.4398
2021-07-30,73.94999694824219,3.627,277.61,112.6714
2021-08-06,68.27999877929688,-0.448,260.24,113.3088
2021-08-13,68.44000244140625,-3.233,247.542,113.0615
2021-08-20,62.31999969482422,-2.98,249.175,114.5009
2021-08-27,68.73999786376953,-7.169,240.128,113.3404
2021-09-03,69.29000091552734,-1.528,238.944,112.5476
2021-09-10,69.72000122070312,-6.422,235.457,112.9425
2021-09-17,71.97000122070312,-3.481,258.231,113.5989
2021-09-24,73.9800033569336,4.578,245.81,113.7597
2021-10-01,75.87999725341797,2.345,257.917,114.3798
2021-10-08,79.3499984741211,6.088,278.106,114.5986
2021-10-15,82.27999877929688,-0.431,294.148,114.0905
2021-10-22,83.76000213623047,4.268,301.474,113.67
2021-10-29,83.56999969482422,3.29,291.608,114.1349
2021-11-05,81.2699966430664,1.002,277.817,114.0732
2021-11-12,80.79000091552734,-2.101,296.233,114.5144
2021-11-19,76.0999984741211,1.017,271.747,115.2187
2021-11-26,68.1500015258789,-0.909,268.34,116.5103
2021-12-03,66.26000213623047,-0.241,233.706,116.2377
2021-12-10,71.66999816894531,-4.584,226.493,115.5732
2021-12-17,70.86000061035156,-4.715,211.854,115.791
2021-12-24,73.79000091552734,-3.576,216.913,115.5337
2021-12-31,75.20999908447266,-2.144,233.873,115.283
2022-01-07,78.9000015258789,-4.553,233.355,115.0451
2022-01-14,83.81999969482422,0.515,258.654,114.3825
2022-01-21,85.13999938964844,2.377,279.511,114.6125
2022-01-28,86.81999969482422,-1.047,263.854,116.0393
2022-02-04,92.30999755859376,-4.756,269.135,115.1362
2022-02-11,93.0999984741211,1.121,260.644,114.8413
2022-02-18,91.06999969482422,4.514,253.455,114.7982
2022-02-25,91.58999633789062,-2.597,233.237,115.2577
2022-03-04,115.68000030517578,-1.863,244.277,116.6503
2022-03-11,109.33000183105467,4.345,234.837,117.0192
2022-03-18,104.6999969482422,-2.508,223.651,116.1378
2022-03-25,113.9000015258789,-3.449,216.624,115.7921
2022-04-01,99.2699966430664,2.421,212.034,115.4814
2022-04-08,98.26000213623048,9.382,205.595,116.4176
2022-04-15,106.9499969482422,-8.02,207.317,116.7017
2022-04-22,102.06999969482422,0.691,206.784,118.0186
2022-04-29,104.69000244140624,1.303,220.951,119.4933
2022-05-06,109.7699966430664,8.487,224.526,119.8577
2022-05-13,110.48999786376952,-3.394,222.101,120.8442
2022-05-20,113.2300033569336,-1.019,263.848,119.3677
2022-05-27,115.06999969482422,-5.068,257.659,118.2834
2022-06-03,118.87000274658205,2.025,265.707,118.2153
2022-06-10,120.66999816894533,1.956,263.481,119.9981
2022-06-17,109.55999755859376,-0.386,249.84,121.2369
2022-06-24,107.62000274658205,-2.762,216.353,120.4853
2022-07-01,108.43000030517578,8.234,225.749,121.5058
2022-07-08,104.79000091552734,3.254,191.702,122.4662
2022-07-15,97.58999633789062,-0.445,200.495,123.4765
2022-07-22,94.6999969482422,-4.523,211.412,122.451
2022-07-29,98.62000274658205,4.467,200.176,121.7678
2022-08-05,89.01000213623047,5.457,178.543,122.321
2022-08-12,92.08999633789062,-7.056,149.917,121.018
2022-08-19,90.7699966430664,-3.282,135.318,123.0501
2022-08-26,93.05999755859376,-3.326,160.327,123.0656
2022-09-02,86.87000274658203,8.845,147.655,123.7743
2022-09-09,86.79000091552734,2.442,145.21,123.7874
2022-09-16,85.11000061035156,1.141,158.348,124.8794
2022-09-23,78.73999786376953,-0.215,165.028,127.2853
2022-09-30,79.48999786376953,-1.356,139.167,127.5148
2022-10-07,92.63999938964844,9.879,158.876,127.3111
2022-10-14,85.61000061035156,-1.725,177.489,128.3325
2022-10-21,85.05000305175781,2.588,147.979,127.6735
2022-10-28,87.9000015258789,-3.115,153.683,127.2135
2022-11-04,92.61000061035156,3.925,169.413,127.1468
2022-11-11,88.95999908447266,-5.4,185.656,124.7044
2022-11-18,80.08000183105469,-3.69,166.291,123.8524
2022-11-25,76.27999877929688,-12.581,147.163,123.3386
2022-12-02,79.9800033569336,-5.186,139.797,122.0102
2022-12-09,71.0199966430664,10.231,144.081,122.4201
2022-12-16,74.29000091552734,-5.895,144.483,122.6505
2022-12-23,79.55999755859375,0.718,162.672,121.9743
2022-12-30,80.26000213623047,1.694,169.002,121.4256
2023-01-06,73.7699966430664,18.961,138.84,121.0852
2023-01-13,79.86000061035156,8.408,129.332,119.1673
2023-01-20,81.30999755859375,0.533,158.815,119.3486
2023-01-27,79.68000030517578,4.14,163.01,118.9223
2023-02-03,73.38999938964844,2.423,157.426,119.5095
2023-02-10,79.72000122070312,16.283,146.006,120.1419
2023-02-17,76.33999633789062,7.647,163.779,120.5526
2023-02-24,76.31999969482422,1.166,134.036,121.5681
2023-03-03,79.68000030517578,-1.694,139.954,120.7742
2023-03-10,76.68000030517578,1.55,146.937,121.2421
2023-03-17,66.73999786376953,1.117,96.286,121.5643
2023-03-24,69.26000213623047,-7.489,52.147,120.4598
2023-03-31,75.66999816894531,-3.739,97.927,119.3602
2023-04-07,80.69999694824219,0.597,166.263,119.3547
2023-04-14,82.5199966430664,-4.581,188.294,118.8567
2023-04-21,77.87000274658203,-5.054,191.741,119.3117
2023-04-28,76.77999877929688,-1.281,174.09,119.2248
2023-05-05,71.33999633789062,2.951,131.831,118.5548
2023-05-12,70.04000091552734,5.04,147.256,119.3671
2023-05-19,71.55000305175781,-12.456,131.67,119.7751
2023-05-26,72.66999816894531,4.489,119.658,120.6304
2023-06-02,71.73999786376953,-0.452,78.44,120.0049
2023-06-09,70.16999816894531,7.919,81.354,119.4322
2023-06-16,71.77999877929688,-3.831,71.044,118.4184
2023-06-23,69.16000366210938,-9.603,91.742,119.152
2023-06-30,70.63999938964844,-1.508,56.22,119.3606
2023-07-07,73.86000061035156,5.946,78.028,119.0761
2023-07-14,75.41999816894531,-0.708,122.303,117.0463
2023-07-21,77.06999969482422,-0.6,161.921,117.9418
2023-07-28,80.58000183105469,-17.049,182.85,117.788
2023-08-04,82.81999969482422,5.851,198.935,118.821
2023-08-11,83.19000244140625,-5.96,205.375,119.6268
2023-08-18,81.25,-6.134,173.842,120.4321
2023-08-25,79.83000183105469,-10.584,144.208,120.5137
2023-09-01,85.55000305175781,-6.307,171.765,120.759
2023-09-08,87.51000213623047,3.955,232.918,121.9475
2023-09-15,90.7699966430664,-2.136,264.03,121.199
2023-09-22,90.02999877929688,-2.169,281.62,121.5306
2023-09-29,90.79000091552734,-2.224,301.66,122.3077
2023-10-06,82.79000091552734,10.176,293.235,123.3563
2023-10-13,87.69000244140625,-4.491,254.544,123.5954
2023-10-20,88.75,1.372,203.144,123.612
2023-10-27,85.54000091552734,0.773,195.976,123.62
2023-11-03,80.51000213623047,13.869,136.064,121.7564
2023-11-10,77.16999816894531,3.592,111.309,122.1281
2023-11-17,75.88999938964844,8.7,99.563,120.8477
2023-11-24,75.54000091552734,1.61,84.929,120.2105
2023-12-01,74.06999969482422,-4.633,78.316,119.9424
2023-12-08,71.2300033569336,-4.258,62.777,120.7607
2023-12-15,71.43000030517578,2.909,45.912,119.7382
2023-12-22,73.55999755859375,-7.114,87.328,119.0625
2023-12-29,71.6500015258789,-5.503,107.403,118.4208
2024-01-05,73.80999755859375,1.338,66.563,119.388
2024-01-12,72.68000030517578,-2.492,90.956,119.534
2024-01-19,73.41000366210938,-9.233,72.473,120.6442
2024-01-26,78.01000213623047,1.234,121.75,120.6173
2024-02-02,72.27999877929688,5.52,137.515,120.902
2024-02-09,76.83999633789062,12.018,77.073,121.039
2024-02-16,79.19000244140625,3.514,100.188,121.1505
2024-02-23,76.48999786376953,4.199,123.396,121.0369
2024-03-01,79.97000122070312,1.367,166.538,121.0111
2024-03-08,78.01000213623047,-1.536,174.585,119.975
2024-03-15,81.04000091552734,-1.952,160.593,120.4003
2024-03-22,80.62999725341797,3.165,205.684,121.1842
2024-03-29,83.16999816894531,3.21,205.794,121.0191
2024-04-05,86.91000366210938,5.841,215.843,120.9646
2024-04-12,85.66000366210938,2.735,222.132,122.2885
2024-04-19,83.13999938964844,-6.368,185.786,123.1075
2024-04-26,83.8499984741211,7.265,161.402,122.9471
2024-05-03,78.11000061035156,-1.362,158.705,122.1375
2024-05-10,78.26000213623047,-2.508,104.519,122.014
2024-05-17,80.05999755859375,1.825,119.232,121.2354
2024-05-24,77.72000122070312,-4.156,161.547,121.6172
2024-05-31,76.98999786376953,1.233,196.185,122.098
2024-06-07,75.52999877929688,3.73,145.312,123.549
2024-06-14,78.44999694824219,-2.547,186.682,124.1694
2024-06-21,80.7300033569336,3.591,180.634,124.1086
2024-06-28,81.54000091552734,-12.157,224.638,124.2103
2024-07-05,83.16000366210938,-3.443,233.203,123.4762
2024-07-12,82.20999908447266,-4.87,240.012,122.4404
2024-07-19,80.12999725341797,-3.741,248.501,123.147
2024-07-26,77.16000366210938,-3.436,225.041,123.672
2024-08-02,73.5199966430664,-3.728,199.25,123.4681
2024-08-09,76.83999633789062,1.357,172.634,122.9276
2024-08-16,76.6500015258789,-4.649,191.765,122.3972
2024-08-23,74.83000183105469,-0.846,169.913,121.4597
2024-08-30,73.55000305175781,-6.873,179.969,122.3262
2024-09-06,67.66999816894531,0.833,115.268,122.4991
2024-09-13,68.6500015258789,-1.63,95.833,121.6551
2024-09-20,71.91999816894531,-4.471,130.773,121.4052
2024-09-27,68.18000030517578,3.889,159.082,121.1111
2024-10-04,74.37999725341797,5.81,136.929,122.2197
2024-10-11,75.55999755859375,-2.191,131.063,122.9805
2024-10-18,69.22000122070312,5.474,118.546,123.9185
2024-10-25,71.77999877929688,-0.515,101.946,124.6105
2024-11-01,69.48999786376953,2.149,91.633,124.8076
2024-11-08,70.37999725341797,2.089,146.651,125.5811
2024-11-15,67.0199966430664,0.545,133.663,126.8848
2024-11-22,71.23999786376953,-1.844,104.941,127.4712
2024-11-29,68.0,-5.073,106.409,126.5798
2024-12-06,67.19999694824219,-1.425,114.821,126.688
2024-12-13,71.29000091552734,-0.934,104.968,127.3096
2024-12-20,69.45999908447266,-4.237,164.387,127.893
2024-12-27,70.5999984741211,-1.178,186.914,128.45
2025-01-03,73.95999908447266,-0.959,203.048,129.4535
2025-01-10,76.56999969482422,-1.962,253.879,129.8664
2025-01-17,77.87999725341797,-1.017,236.242,129.4859
2025-01-24,74.66000366210938,3.463,247.445,127.4611
2025-01-31,72.52999877929688,8.664,191.531,128.4828
2025-02-07,71.0,4.07,144.136,128.4292
2025-02-14,70.73999786376953,4.633,130.304,127.1491
2025-02-21,70.4000015258789,-2.332,105.892,127.1408
2025-02-28,69.76000213623047,3.614,68.773,128.2805
2025-03-07,67.04000091552734,1.448,98.649,125.9814
2025-03-14,67.18000030517578,1.745,107.744,125.6942
2025-03-21,68.27999877929688,-3.341,92.263,126.2679
2025-03-28,69.36000061035156,6.165,93.243,126.4187
2025-04-04,61.9900016784668,2.553,101.417,125.8129
2025-04-11,61.5,0.515,48.539,124.0163
2025-04-18,64.68000030517578,0.244,79.913,122.9865
2025-04-25,63.02000045776367,-2.696,131.735,122.8858
2025-05-02,58.290000915527344,-2.032,140.031,122.4962
2025-05-09,61.02000045776367,3.454,128.575,122.5191
2025-05-16,62.4900016784668,1.328,118.096,123.0737
2025-05-23,61.529998779296875,-2.795,111.879,121.3837
2025-05-30,60.790000915527344,-4.304,103.947,121.7674
2025-06-06,64.58000183105469,-3.644,144.631,121.161
2025-06-13,72.9800033569336,-11.473,161.577,120.3245
2025-06-20,74.93000030517578,-5.836,170.605,121.0408
2025-06-27,65.5199966430664,3.845,161.487,119.659
2025-07-04,66.5,7.07,174.633,119.2382
2025-07-11,68.44999694824219,-3.859,145.697,119.9214
2025-07-18,67.33999633789062,-3.169,91.769,120.356
2025-07-25,65.16000366210938,7.698,98.237,119.9857
2025-08-01,67.33000183105469,-3.029,97.387,121.2122
2025-08-08,63.880001068115234,3.036,81.337,120.3329
2025-08-15,62.79999923706055,-6.014,48.865,120.3377
2025-08-22,63.65999984741211,-2.392,27.445,120.2774
2025-08-29,64.01000213623047,2.415,24.621,120.2082
2025-09-05,61.869998931884766,3.939,27.323,120.1282
2025-09-12,62.689998626708984,-9.285,10.002,120.0611
2025-09-19,62.68000030517578,-0.607,36.799,119.7858
2025-09-26,65.72000122070312,1.792,26.483,120.4349
2025-10-03,60.880001068115234,3.715,14.053,120.0881
2025-10-10,58.900001525878906,3.524,-17.481,121.1163
2025-10-17,57.540000915527344,-0.961,-18.766,120.7028
2025-10-24,61.5,-6.858,-38.154,120.9345
2025-10-31,60.97999954223633,5.202,-8.6,121.3859
2025-11-07,59.75,6.413,7.737,121.388
2025-11-14,60.09000015258789,-3.426,-11.646,120.9666
2025-11-21,58.060001373291016,2.774,-12.671,121.8653
2025-11-28,58.54999923706055,0.574,-37.01,121.0527
2025-12-05,60.08000183105469,-1.812,-34.768,120.6863
2025-12-12,57.439998626708984,-1.274,6.878,120.1442
2025-12-19,56.65999984741211,0.405,0.074,120.1652
2025-12-26,56.7400016784668,-1.934,11.36,119.4723
2026-01-02,57.31999969482422,-3.832,15.743,119.6059
2026-01-09,59.119998931884766,3.391,24.528,120.2215
2026-01-16,59.439998626708984,3.602,47.57,120.0838
2026-01-23,61.06999969482422,-2.295,47.5,118.8976
2026-01-30,65.20999908447266,-3.455,59.047,117.8996
2026-02-06,63.54999923706055,8.53,76.76,118.2407
2026-02-13,62.88999938964844,-9.014,79.146,117.5258
2026-02-20,66.38999938964844,15.989,63.785,117.9917
2026-02-27,67.0199966430664,3.475,67.7,117.8223
2026-03-06,90.9000015258789,3.824,68.385,119.491
2026-03-13,98.70999908447266,6.156,92.122,120.5518
2026-03-20,98.31999969482422,6.926,96.371,120.2757
2026-03-27,99.63999938964844,5.451,94.336,120.8851
2026-04-03,111.54000091552734,3.081,73.347,120.6565
2026-04-10,96.56999969482422,-0.913,78.7,118.8552
2026-04-17,83.8499984741211,1.925,98.368,118.0795
2026-04-24,94.4000015258789,-6.234,99.887,118.7294
2026-05-01,101.94000244140624,-2.313,80.331,118.3926
2026-05-08,95.41999816894533,-4.306,70.791,118.0392
2026-05-15,105.41999816894531,-7.863,72.801,119.2825
2026-05-22,96.5999984741211,-3.327,98.219,119.2868
2026-05-29,87.36000061035156,-7.974,79.924,118.8783
